id,Age,Employment Type,GraduateOrNot,AnnualIncome,FamilyMembers,ChronicDiseases,FrequentFlyer,EverTravelledAbroad,TravelInsurance
1144,33,Government Sector,Yes,800000,5,1,No,No,0
1213,28,Private Sector/Self Employed,Yes,1100000,4,1,Yes,No,0
1138,27,Government Sector,Yes,500000,4,0,No,No,0
1329,28,Private Sector/Self Employed,Yes,550000,4,0,Yes,No,0
1446,33,Private Sector/Self Employed,Yes,550000,7,1,Yes,No,1
1798,30,Private Sector/Self Employed,No,500000,7,0,No,No,1
848,31,Government Sector,Yes,400000,3,0,No,No,0
324,32,Government Sector,Yes,350000,4,0,No,No,0
1911,27,Government Sector,Yes,1050000,6,1,No,No,0
1871,35,Private Sector/Self Employed,No,950000,6,0,Yes,No,1
630,28,Private Sector/Self Employed,Yes,800000,4,1,No,Yes,0
1431,29,Private Sector/Self Employed,Yes,1200000,6,0,No,No,0
284,32,Government Sector,Yes,800000,4,1,No,No,0
1864,26,Private Sector/Self Employed,Yes,1400000,5,0,No,Yes,1
415,32,Government Sector,Yes,650000,5,0,No,No,0
1953,26,Private Sector/Self Employed,Yes,1400000,5,0,No,Yes,1
35,28,Private Sector/Self Employed,Yes,700000,4,0,No,No,0
1763,31,Private Sector/Self Employed,Yes,1350000,5,0,No,Yes,1
535,29,Private Sector/Self Employed,Yes,1200000,5,1,No,No,0
1850,26,Government Sector,Yes,1450000,5,0,Yes,Yes,1
103,32,Government Sector,Yes,350000,3,0,No,No,0
457,25,Private Sector/Self Employed,No,1700000,3,0,Yes,No,1
219,28,Private Sector/Self Employed,Yes,1150000,5,0,No,No,1
1681,29,Private Sector/Self Employed,Yes,500000,4,0,No,No,1
1188,29,Private Sector/Self Employed,Yes,1100000,7,0,Yes,No,0
1898,31,Government Sector,No,300000,4,0,No,No,0
838,35,Private Sector/Self Employed,No,800000,4,0,No,No,0
1231,31,Government Sector,No,300000,4,0,No,No,0
1266,33,Private Sector/Self Employed,Yes,1750000,6,0,No,No,1
1936,31,Private Sector/Self Employed,Yes,1250000,3,0,No,No,0
352,28,Private Sector/Self Employed,Yes,1150000,3,0,No,No,0
283,26,Government Sector,Yes,1450000,3,1,Yes,Yes,1
1068,28,Private Sector/Self Employed,Yes,800000,5,1,No,No,0
489,28,Private Sector/Self Employed,Yes,550000,3,0,No,No,0
609,33,Government Sector,Yes,700000,7,0,Yes,No,1
1655,34,Private Sector/Self Employed,No,1300000,4,0,No,No,0
129,28,Government Sector,Yes,600000,4,0,No,No,0
224,25,Private Sector/Self Employed,No,1700000,5,0,Yes,No,1
1285,27,Government Sector,Yes,1050000,5,0,Yes,No,0
1889,31,Government Sector,No,350000,3,0,No,No,0
810,34,Private Sector/Self Employed,Yes,1000000,6,1,No,No,1
1139,28,Private Sector/Self Employed,Yes,1250000,3,1,No,No,1
1919,34,Private Sector/Self Employed,Yes,1300000,3,0,No,No,0
519,29,Government Sector,Yes,600000,4,0,No,No,0
1073,35,Private Sector/Self Employed,No,800000,6,1,No,Yes,1
579,27,Government Sector,Yes,1050000,5,0,Yes,No,0
394,28,Private Sector/Self Employed,Yes,900000,8,0,No,No,0
357,28,Private Sector/Self Employed,Yes,1450000,4,0,Yes,Yes,1
1577,26,Private Sector/Self Employed,Yes,1400000,3,0,No,Yes,1
1668,33,Private Sector/Self Employed,Yes,1500000,3,0,Yes,Yes,1
807,28,Government Sector,Yes,300000,6,1,No,No,0
430,29,Private Sector/Self Employed,Yes,1200000,3,1,No,Yes,1
439,31,Private Sector/Self Employed,Yes,900000,4,1,No,No,0
1243,29,Private Sector/Self Employed,Yes,1050000,4,0,No,No,1
994,30,Private Sector/Self Employed,No,650000,6,0,Yes,No,0
952,28,Private Sector/Self Employed,Yes,1150000,6,1,No,No,0
1544,28,Private Sector/Self Employed,Yes,650000,5,0,Yes,No,0
633,34,Private Sector/Self Employed,Yes,850000,5,0,No,No,0
566,28,Private Sector/Self Employed,Yes,1400000,4,0,No,Yes,1
1201,28,Private Sector/Self Employed,Yes,800000,4,0,No,No,0
83,28,Private Sector/Self Employed,Yes,1100000,4,1,No,No,0
1559,27,Government Sector,Yes,500000,4,1,No,No,0
11,33,Government Sector,Yes,1100000,8,0,No,No,1
232,28,Private Sector/Self Employed,Yes,1250000,4,0,No,No,0
1230,33,Private Sector/Self Employed,Yes,1400000,6,1,No,Yes,1
1934,34,Private Sector/Self Employed,No,950000,3,0,Yes,No,0
1556,29,Private Sector/Self Employed,Yes,500000,4,0,No,No,1
750,26,Private Sector/Self Employed,Yes,1500000,4,0,Yes,Yes,1
1849,29,Private Sector/Self Employed,Yes,900000,6,0,Yes,No,1
707,28,Private Sector/Self Employed,Yes,500000,5,0,No,No,0
1612,28,Private Sector/Self Employed,Yes,700000,4,1,No,No,0
1596,34,Private Sector/Self Employed,Yes,500000,7,0,No,No,1
1715,34,Private Sector/Self Employed,Yes,700000,6,0,Yes,No,1
885,28,Private Sector/Self Employed,Yes,750000,3,0,No,No,1
815,27,Government Sector,Yes,500000,4,1,No,No,0
1226,28,Government Sector,No,300000,6,0,No,No,0
1092,31,Private Sector/Self Employed,Yes,900000,4,1,No,No,1
1918,29,Private Sector/Self Employed,Yes,1200000,5,0,Yes,No,1
428,33,Private Sector/Self Employed,Yes,1500000,4,1,Yes,Yes,1
788,28,Private Sector/Self Employed,Yes,700000,4,0,No,No,0
1346,31,Government Sector,Yes,400000,3,0,No,No,0
1679,33,Government Sector,Yes,400000,5,1,No,No,0
487,27,Government Sector,Yes,1050000,5,1,No,No,0
444,29,Private Sector/Self Employed,Yes,900000,7,0,No,No,1
387,30,Private Sector/Self Employed,No,1450000,3,1,Yes,Yes,1
956,34,Government Sector,Yes,1300000,2,0,No,No,0
1513,29,Private Sector/Self Employed,Yes,1100000,9,0,No,No,0
1670,28,Private Sector/Self Employed,Yes,1150000,6,0,No,No,0
755,26,Private Sector/Self Employed,Yes,1750000,3,0,No,No,0
375,33,Private Sector/Self Employed,Yes,750000,4,0,No,No,0
1442,31,Government Sector,Yes,1300000,5,0,No,No,0
647,28,Government Sector,Yes,300000,4,0,No,No,0
1630,34,Private Sector/Self Employed,Yes,1500000,4,0,Yes,Yes,1
991,29,Private Sector/Self Employed,Yes,1350000,6,0,No,Yes,1
242,30,Private Sector/Self Employed,No,1450000,2,1,Yes,Yes,1
470,28,Private Sector/Self Employed,Yes,900000,3,0,No,No,0
119,35,Private Sector/Self Employed,No,800000,6,0,No,No,1
246,29,Private Sector/Self Employed,Yes,1100000,3,1,No,No,0
560,25,Private Sector/Self Employed,Yes,1400000,4,1,Yes,Yes,1
49,34,Private Sector/Self Employed,Yes,1500000,6,0,Yes,Yes,1
419,34,Private Sector/Self Employed,Yes,700000,6,0,Yes,Yes,1
774,25,Private Sector/Self Employed,Yes,1700000,3,0,Yes,No,1
795,31,Private Sector/Self Employed,Yes,1250000,4,0,No,No,0
1200,29,Private Sector/Self Employed,Yes,1050000,4,0,No,No,0
1483,33,Government Sector,Yes,1100000,4,0,No,No,0
1210,35,Private Sector/Self Employed,No,800000,6,1,No,No,1
1379,34,Private Sector/Self Employed,Yes,1300000,5,0,No,No,0
890,27,Private Sector/Self Employed,No,1550000,4,0,Yes,No,1
343,27,Government Sector,Yes,850000,4,0,No,No,0
590,31,Government Sector,Yes,400000,5,0,No,No,0
382,34,Private Sector/Self Employed,Yes,500000,3,0,No,No,0
362,33,Private Sector/Self Employed,Yes,750000,7,1,No,No,1
442,25,Private Sector/Self Employed,No,1150000,4,0,No,No,0
273,28,Private Sector/Self Employed,Yes,1100000,4,0,Yes,No,0
1737,29,Private Sector/Self Employed,Yes,900000,4,0,No,No,0
1050,34,Private Sector/Self Employed,Yes,700000,3,0,No,No,0
1193,28,Government Sector,Yes,300000,6,1,No,No,0
1753,28,Private Sector/Self Employed,Yes,1200000,3,0,No,No,0
475,31,Government Sector,No,300000,5,0,No,No,0
483,28,Private Sector/Self Employed,Yes,750000,4,0,No,No,0
556,28,Private Sector/Self Employed,Yes,800000,7,1,No,No,1
1069,31,Private Sector/Self Employed,Yes,1250000,4,0,No,No,0
144,31,Private Sector/Self Employed,Yes,1400000,5,0,Yes,Yes,1
1222,28,Government Sector,Yes,300000,4,1,No,No,1
249,31,Private Sector/Self Employed,Yes,1250000,9,1,No,No,0
19,31,Government Sector,Yes,1300000,4,0,No,No,0
1421,29,Private Sector/Self Employed,Yes,1050000,5,0,No,No,0
1278,29,Private Sector/Self Employed,Yes,1350000,8,0,No,Yes,1
20,28,Government Sector,Yes,1200000,5,0,No,No,1
510,31,Government Sector,No,350000,4,1,No,No,0
1621,35,Private Sector/Self Employed,No,950000,3,0,Yes,No,1
1078,32,Government Sector,Yes,900000,5,1,No,No,1
1104,28,Private Sector/Self Employed,Yes,600000,4,0,No,No,0
1192,28,Government Sector,Yes,300000,7,1,No,No,0
1136,35,Private Sector/Self Employed,No,800000,5,0,No,No,0
1407,25,Private Sector/Self Employed,No,600000,3,1,No,No,0
1079,33,Private Sector/Self Employed,Yes,1400000,3,0,No,Yes,1
57,33,Private Sector/Self Employed,Yes,1400000,6,0,Yes,Yes,1
1224,26,Government Sector,Yes,500000,4,0,No,No,0
1429,25,Private Sector/Self Employed,Yes,1400000,6,0,No,Yes,1
1410,28,Private Sector/Self Employed,Yes,750000,6,0,Yes,No,0
268,28,Government Sector,Yes,300000,3,1,No,No,0
642,27,Private Sector/Self Employed,No,450000,3,0,No,No,0
1361,31,Private Sector/Self Employed,Yes,1400000,4,1,No,Yes,1
448,26,Government Sector,Yes,500000,5,0,No,No,0
1744,34,Private Sector/Self Employed,Yes,700000,6,0,No,No,1
1359,26,Private Sector/Self Employed,Yes,1500000,3,0,Yes,Yes,1
790,31,Government Sector,Yes,400000,5,0,No,No,0
1860,28,Private Sector/Self Employed,Yes,1200000,4,0,No,No,0
1464,27,Government Sector,Yes,850000,4,0,No,No,0
551,29,Private Sector/Self Employed,Yes,1100000,7,0,No,No,1
97,34,Private Sector/Self Employed,Yes,1500000,3,0,Yes,Yes,1
1045,26,Private Sector/Self Employed,Yes,600000,6,1,No,No,0
1546,28,Private Sector/Self Employed,Yes,600000,3,0,No,No,1
84,27,Government Sector,Yes,900000,6,0,Yes,Yes,0
52,28,Private Sector/Self Employed,Yes,700000,4,0,No,No,0
687,30,Private Sector/Self Employed,No,550000,5,1,No,No,1
1957,28,Private Sector/Self Employed,Yes,1450000,9,0,Yes,Yes,1
1430,28,Private Sector/Self Employed,Yes,750000,6,0,Yes,No,0
1150,31,Private Sector/Self Employed,Yes,1250000,7,0,No,No,1
760,28,Private Sector/Self Employed,Yes,1100000,7,0,No,No,1
1505,34,Private Sector/Self Employed,Yes,1500000,4,0,Yes,Yes,1
928,31,Government Sector,Yes,1200000,6,1,No,No,0
681,25,Private Sector/Self Employed,Yes,1400000,4,0,Yes,Yes,1
295,29,Private Sector/Self Employed,Yes,1200000,4,0,No,No,0
1528,31,Private Sector/Self Employed,Yes,900000,7,0,No,Yes,0
943,28,Private Sector/Self Employed,Yes,500000,5,1,No,No,1
454,28,Private Sector/Self Employed,Yes,1250000,6,0,No,Yes,0
883,35,Private Sector/Self Employed,No,800000,5,0,No,Yes,1
406,30,Private Sector/Self Employed,No,550000,5,0,No,No,0
662,34,Private Sector/Self Employed,No,1300000,3,0,No,No,0
250,34,Private Sector/Self Employed,Yes,1050000,4,0,No,No,0
1199,34,Private Sector/Self Employed,Yes,1300000,3,0,No,Yes,0
511,28,Government Sector,Yes,300000,4,0,No,No,0
70,31,Government Sector,No,350000,2,0,No,No,0
908,28,Private Sector/Self Employed,Yes,1450000,6,0,Yes,Yes,1
668,28,Private Sector/Self Employed,Yes,900000,6,0,No,No,1
1564,26,Private Sector/Self Employed,Yes,1400000,3,1,No,Yes,0
1788,33,Private Sector/Self Employed,Yes,1200000,2,0,No,No,0
942,31,Private Sector/Self Employed,Yes,500000,8,0,No,No,1
1929,34,Private Sector/Self Employed,Yes,1500000,2,0,Yes,Yes,1
255,28,Private Sector/Self Employed,Yes,600000,7,0,No,No,1
1157,26,Private Sector/Self Employed,Yes,1400000,9,1,No,Yes,1
341,28,Private Sector/Self Employed,Yes,1300000,5,1,Yes,No,0
613,31,Government Sector,Yes,400000,6,0,No,No,0
597,28,Government Sector,Yes,600000,7,1,No,No,1
61,30,Private Sector/Self Employed,No,800000,4,0,No,No,1
1256,32,Government Sector,Yes,850000,4,0,Yes,No,0
277,28,Private Sector/Self Employed,Yes,550000,8,1,No,No,0
75,27,Government Sector,Yes,850000,5,0,Yes,No,0
924,29,Private Sector/Self Employed,Yes,500000,3,1,No,No,1
1435,26,Private Sector/Self Employed,Yes,1400000,7,1,Yes,Yes,1
652,32,Government Sector,Yes,850000,4,0,No,No,0
1809,34,Private Sector/Self Employed,Yes,1500000,6,1,Yes,Yes,1
1423,26,Private Sector/Self Employed,Yes,1500000,4,0,Yes,Yes,1
47,28,Private Sector/Self Employed,Yes,700000,4,1,No,No,1
1357,31,Government Sector,Yes,1300000,2,0,Yes,No,1
849,26,Private Sector/Self Employed,Yes,1500000,2,0,Yes,Yes,1
1940,26,Private Sector/Self Employed,Yes,1400000,6,0,No,Yes,1
256,33,Government Sector,Yes,1000000,7,1,No,No,1
955,25,Private Sector/Self Employed,No,1150000,4,0,No,No,0
170,34,Private Sector/Self Employed,Yes,1500000,5,0,Yes,Yes,1
62,28,Private Sector/Self Employed,Yes,1100000,6,1,No,No,0
1979,34,Private Sector/Self Employed,Yes,850000,2,0,No,No,0
230,34,Private Sector/Self Employed,No,1300000,6,0,No,No,1
1141,34,Private Sector/Self Employed,Yes,1050000,7,0,No,No,1
1390,33,Government Sector,Yes,400000,6,0,No,No,1
576,31,Government Sector,Yes,400000,6,0,No,No,0
402,33,Government Sector,Yes,1000000,3,0,No,Yes,0
133,31,Government Sector,Yes,1200000,9,0,No,No,0
1893,34,Private Sector/Self Employed,Yes,1500000,5,0,Yes,Yes,1
644,28,Government Sector,Yes,300000,4,0,No,No,0
223,25,Private Sector/Self Employed,No,1350000,6,0,No,Yes,1
1762,34,Private Sector/Self Employed,Yes,700000,7,0,No,No,1
599,28,Government Sector,Yes,300000,6,0,No,No,0
876,26,Private Sector/Self Employed,Yes,1400000,4,1,No,Yes,1
367,28,Private Sector/Self Employed,Yes,700000,3,0,No,No,1
1360,32,Government Sector,Yes,650000,3,0,No,No,1
1836,28,Private Sector/Self Employed,Yes,800000,3,1,No,No,0
1561,28,Private Sector/Self Employed,Yes,600000,3,0,No,No,0
1134,34,Private Sector/Self Employed,Yes,1000000,5,0,No,No,0
1923,34,Private Sector/Self Employed,Yes,1000000,2,0,No,No,0
752,34,Private Sector/Self Employed,Yes,1050000,5,0,No,No,0
1517,27,Government Sector,Yes,500000,4,0,No,No,1
1772,31,Government Sector,Yes,1300000,6,0,No,No,0
1793,34,Private Sector/Self Employed,Yes,500000,6,0,No,No,1
1770,27,Government Sector,Yes,750000,5,0,No,No,0
1629,33,Government Sector,Yes,650000,4,1,No,No,0
840,31,Private Sector/Self Employed,Yes,950000,4,0,No,No,0
1691,25,Private Sector/Self Employed,No,1150000,7,0,No,No,0
1784,28,Private Sector/Self Employed,Yes,750000,6,0,Yes,No,0
498,28,Private Sector/Self Employed,Yes,800000,6,1,No,No,0
584,33,Government Sector,Yes,1100000,4,0,No,No,0
1368,34,Private Sector/Self Employed,Yes,700000,6,0,No,No,1
1611,26,Private Sector/Self Employed,Yes,1400000,3,0,No,Yes,1
733,28,Government Sector,Yes,600000,9,0,No,No,1
1600,28,Private Sector/Self Employed,Yes,1150000,6,0,Yes,No,0
1189,31,Government Sector,Yes,400000,2,0,No,No,0
1493,29,Private Sector/Self Employed,Yes,1100000,4,0,No,No,0
982,33,Government Sector,Yes,400000,5,0,No,No,0
1306,26,Government Sector,Yes,1450000,3,0,Yes,Yes,1
293,31,Private Sector/Self Employed,Yes,900000,5,0,No,No,0
502,26,Private Sector/Self Employed,Yes,1250000,4,1,No,Yes,0
1520,31,Government Sector,Yes,1500000,5,1,Yes,Yes,1
602,32,Government Sector,Yes,350000,2,0,No,No,0
298,26,Government Sector,Yes,500000,6,1,No,No,0
1300,31,Government Sector,Yes,1200000,5,1,No,No,1
1450,31,Private Sector/Self Employed,Yes,1350000,3,0,No,Yes,1
600,27,Private Sector/Self Employed,No,1000000,6,0,No,No,0
622,35,Government Sector,Yes,1100000,4,0,No,No,0
1694,28,Private Sector/Self Employed,Yes,750000,2,0,No,No,1
1567,30,Private Sector/Self Employed,No,1450000,4,1,Yes,Yes,1
1973,29,Private Sector/Self Employed,Yes,1200000,5,1,No,No,0
1805,26,Private Sector/Self Employed,Yes,1400000,7,0,No,Yes,1
1907,29,Private Sector/Self Employed,Yes,500000,5,0,No,No,1
530,25,Private Sector/Self Employed,No,1350000,3,1,Yes,Yes,0
1733,34,Private Sector/Self Employed,Yes,1050000,5,1,No,No,0
1984,28,Government Sector,Yes,1200000,3,0,No,No,1
1334,30,Private Sector/Self Employed,No,650000,5,0,No,No,0
1872,29,Private Sector/Self Employed,Yes,1050000,6,0,No,No,0
500,34,Private Sector/Self Employed,Yes,1500000,7,1,Yes,Yes,1
683,28,Private Sector/Self Employed,Yes,800000,4,1,No,No,0
861,30,Private Sector/Self Employed,No,800000,3,0,No,No,0
1818,27,Government Sector,Yes,1050000,2,1,No,No,0
1921,29,Private Sector/Self Employed,Yes,600000,8,1,No,No,1
1714,28,Private Sector/Self Employed,Yes,800000,5,1,No,No,1
1485,31,Private Sector/Self Employed,Yes,1250000,8,0,No,No,0
732,29,Private Sector/Self Employed,Yes,1200000,7,0,No,No,0
1660,31,Private Sector/Self Employed,Yes,1350000,3,1,Yes,Yes,1
1194,26,Private Sector/Self Employed,Yes,600000,3,0,No,No,0
1522,34,Private Sector/Self Employed,Yes,1050000,5,1,No,No,0
1284,27,Private Sector/Self Employed,No,1550000,7,0,Yes,No,1
1314,28,Private Sector/Self Employed,Yes,1150000,8,1,No,No,0
1925,28,Government Sector,Yes,300000,6,0,No,No,0
37,31,Private Sector/Self Employed,Yes,500000,4,0,No,No,0
1802,34,Private Sector/Self Employed,Yes,1500000,4,1,Yes,Yes,1
1804,33,Government Sector,Yes,1750000,6,0,No,No,1
1950,31,Private Sector/Self Employed,Yes,950000,6,0,No,No,0
1321,34,Government Sector,Yes,1300000,7,1,No,No,1
758,32,Government Sector,Yes,800000,4,0,No,No,0
574,28,Private Sector/Self Employed,Yes,1150000,2,0,No,No,1
1280,29,Private Sector/Self Employed,Yes,1100000,2,0,No,No,0
886,31,Private Sector/Self Employed,Yes,1250000,6,0,No,Yes,0
1287,28,Private Sector/Self Employed,Yes,1250000,6,0,Yes,No,0
1137,28,Private Sector/Self Employed,Yes,750000,3,0,No,No,0
482,29,Private Sector/Self Employed,Yes,350000,5,1,No,No,0
1401,29,Private Sector/Self Employed,Yes,500000,5,0,No,No,0
1124,35,Private Sector/Self Employed,No,800000,6,0,Yes,No,1
1438,28,Private Sector/Self Employed,Yes,700000,4,0,Yes,No,0
1066,25,Private Sector/Self Employed,Yes,1700000,3,0,Yes,No,1
910,28,Private Sector/Self Employed,Yes,700000,4,1,No,No,0
1148,26,Private Sector/Self Employed,Yes,450000,4,0,No,No,0
1017,28,Private Sector/Self Employed,Yes,1150000,4,0,No,No,1
827,26,Private Sector/Self Employed,Yes,1500000,7,0,Yes,Yes,0
1005,29,Private Sector/Self Employed,Yes,500000,7,0,No,No,1
1702,25,Private Sector/Self Employed,Yes,1700000,5,1,Yes,No,1
1055,31,Government Sector,Yes,1200000,6,0,No,No,0
89,31,Private Sector/Self Employed,Yes,1100000,4,0,No,No,0
879,31,Government Sector,No,400000,4,1,No,No,0
823,28,Private Sector/Self Employed,Yes,600000,3,0,No,No,0
1164,31,Private Sector/Self Employed,Yes,1350000,4,0,No,Yes,1
794,28,Government Sector,Yes,600000,4,1,No,No,0
459,27,Government Sector,Yes,500000,3,0,No,No,1
1970,34,Private Sector/Self Employed,Yes,700000,5,1,No,Yes,0
608,32,Government Sector,Yes,850000,7,0,Yes,Yes,1
200,28,Private Sector/Self Employed,Yes,700000,4,0,No,No,0
279,30,Private Sector/Self Employed,No,550000,5,0,Yes,No,1
202,28,Private Sector/Self Employed,Yes,700000,2,0,No,No,0
1594,31,Government Sector,No,400000,4,1,No,No,0
1705,35,Private Sector/Self Employed,No,800000,5,0,No,No,0
568,28,Private Sector/Self Employed,Yes,1200000,5,0,No,No,0
455,27,Government Sector,Yes,750000,5,0,No,No,0
1757,31,Private Sector/Self Employed,Yes,1350000,9,1,No,Yes,1
1112,34,Private Sector/Self Employed,Yes,1000000,3,0,Yes,No,0
1274,34,Government Sector,Yes,1300000,5,1,No,Yes,0
1118,31,Private Sector/Self Employed,Yes,1250000,6,0,Yes,No,1
853,35,Private Sector/Self Employed,No,800000,2,0,No,Yes,0
1121,29,Private Sector/Self Employed,Yes,1200000,7,0,No,Yes,0
254,30,Private Sector/Self Employed,No,800000,4,0,No,No,1
121,26,Private Sector/Self Employed,Yes,500000,5,0,No,No,0
1952,29,Private Sector/Self Employed,Yes,1050000,6,1,No,Yes,0
919,33,Private Sector/Self Employed,Yes,1500000,7,0,Yes,Yes,1
1289,32,Government Sector,Yes,350000,5,0,No,No,0
347,31,Private Sector/Self Employed,Yes,1400000,4,0,No,Yes,1
265,31,Government Sector,Yes,400000,5,0,No,No,0
575,28,Private Sector/Self Employed,Yes,650000,9,0,No,No,0
370,26,Private Sector/Self Employed,Yes,600000,3,0,Yes,No,0
512,27,Government Sector,Yes,900000,5,1,No,Yes,0
1671,31,Government Sector,Yes,400000,9,0,No,No,0
194,27,Government Sector,Yes,1050000,2,0,No,No,1
115,25,Private Sector/Self Employed,No,600000,4,0,Yes,No,0
1650,31,Government Sector,No,350000,3,0,No,No,0
1572,30,Private Sector/Self Employed,No,1450000,3,1,Yes,Yes,1
1301,28,Private Sector/Self Employed,Yes,500000,7,0,No,No,0
332,29,Private Sector/Self Employed,Yes,1050000,7,0,No,No,0
320,27,Government Sector,Yes,850000,3,0,No,No,0
155,28,Government Sector,Yes,1200000,8,0,Yes,No,1
287,28,Private Sector/Self Employed,Yes,800000,4,0,No,No,1
931,28,Private Sector/Self Employed,Yes,1350000,5,0,No,Yes,1
1347,26,Private Sector/Self Employed,Yes,1250000,3,0,No,No,0
235,28,Private Sector/Self Employed,Yes,800000,4,0,No,No,0
833,29,Private Sector/Self Employed,Yes,900000,7,0,Yes,No,0
1096,31,Government Sector,Yes,1300000,4,0,No,No,0
627,28,Private Sector/Self Employed,Yes,550000,5,1,No,No,0
1282,28,Private Sector/Self Employed,Yes,800000,2,0,No,No,0
536,28,Government Sector,Yes,300000,6,1,No,No,0
1678,27,Government Sector,Yes,850000,6,0,Yes,No,0
1304,29,Private Sector/Self Employed,Yes,1100000,4,0,No,No,1
1632,28,Private Sector/Self Employed,Yes,1100000,4,0,No,No,0
1195,28,Government Sector,Yes,300000,2,0,No,No,0
858,29,Private Sector/Self Employed,Yes,1050000,5,1,No,No,1
1168,34,Private Sector/Self Employed,Yes,1000000,4,1,No,No,1
305,34,Private Sector/Self Employed,Yes,1300000,5,0,No,Yes,0
1461,28,Private Sector/Self Employed,Yes,1200000,5,0,No,No,1
414,34,Private Sector/Self Employed,Yes,1500000,4,1,Yes,Yes,1
108,34,Private Sector/Self Employed,Yes,1050000,5,0,Yes,No,0
1261,26,Government Sector,Yes,500000,4,0,No,No,0
524,28,Private Sector/Self Employed,Yes,600000,3,1,No,No,0
1327,28,Private Sector/Self Employed,Yes,800000,5,0,No,No,0
1011,29,Private Sector/Self Employed,Yes,900000,7,0,No,No,0
21,26,Private Sector/Self Employed,Yes,1300000,4,1,No,Yes,0
1488,29,Private Sector/Self Employed,Yes,1100000,4,0,No,Yes,0
1238,29,Private Sector/Self Employed,Yes,1200000,7,0,No,No,0
1335,29,Private Sector/Self Employed,Yes,1200000,3,0,No,Yes,0
1305,29,Private Sector/Self Employed,Yes,600000,3,1,No,No,0
1902,31,Government Sector,Yes,400000,6,0,No,No,0
798,29,Private Sector/Self Employed,Yes,500000,6,0,No,No,0
636,32,Government Sector,Yes,850000,5,1,Yes,No,0
1540,28,Government Sector,Yes,300000,5,0,No,No,0
638,31,Private Sector/Self Employed,Yes,1250000,4,0,No,No,0
1416,27,Government Sector,Yes,500000,7,0,No,No,0
1985,29,Private Sector/Self Employed,Yes,1050000,7,0,Yes,No,1
1467,32,Government Sector,Yes,850000,7,0,No,Yes,1
1324,26,Government Sector,Yes,500000,3,0,No,No,0
1455,28,Government Sector,Yes,300000,6,0,No,No,0
1539,28,Private Sector/Self Employed,Yes,750000,4,0,No,No,0
714,28,Private Sector/Self Employed,Yes,1450000,5,0,Yes,Yes,1
23,28,Private Sector/Self Employed,Yes,700000,4,1,No,No,0
985,25,Private Sector/Self Employed,No,600000,6,0,No,No,0
267,26,Private Sector/Self Employed,Yes,450000,7,0,No,No,1
937,31,Government Sector,No,400000,4,1,No,No,0
900,28,Government Sector,Yes,300000,4,0,No,No,0
987,27,Private Sector/Self Employed,No,600000,4,0,No,No,0
1732,31,Government Sector,Yes,1500000,4,0,Yes,Yes,1
1982,26,Private Sector/Self Employed,Yes,1300000,7,0,No,No,1
12,28,Private Sector/Self Employed,Yes,1200000,7,0,No,No,0
275,28,Government Sector,Yes,300000,5,0,No,No,0
983,32,Government Sector,Yes,650000,5,1,No,No,0
139,28,Private Sector/Self Employed,Yes,1400000,2,0,No,Yes,1
1016,32,Government Sector,Yes,900000,5,0,No,No,0
494,32,Government Sector,Yes,850000,9,0,Yes,No,1
1739,34,Government Sector,Yes,1300000,6,0,No,No,1
773,25,Private Sector/Self Employed,Yes,1400000,3,0,Yes,Yes,1
792,31,Private Sector/Self Employed,Yes,900000,4,0,No,No,0
38,34,Private Sector/Self Employed,Yes,850000,5,1,No,No,0
1317,25,Private Sector/Self Employed,No,1700000,6,0,Yes,No,1
1291,25,Private Sector/Self Employed,No,600000,4,0,Yes,Yes,0
1182,29,Private Sector/Self Employed,Yes,1200000,9,1,Yes,No,0
772,31,Government Sector,Yes,1200000,3,0,No,No,0
1097,33,Government Sector,Yes,1100000,8,0,No,No,1
1309,32,Government Sector,Yes,800000,3,1,No,No,0
413,34,Private Sector/Self Employed,Yes,1500000,4,1,Yes,Yes,1
218,31,Private Sector/Self Employed,Yes,500000,6,1,No,No,0
1718,34,Private Sector/Self Employed,Yes,1000000,9,0,No,No,1
1475,31,Government Sector,No,300000,6,0,No,No,0
1841,28,Government Sector,Yes,1200000,5,1,No,No,0
1101,34,Private Sector/Self Employed,Yes,1000000,3,0,No,No,0
695,30,Private Sector/Self Employed,No,1450000,6,0,Yes,Yes,1
15,33,Government Sector,Yes,600000,3,0,No,Yes,0
1859,28,Private Sector/Self Employed,Yes,1450000,5,0,Yes,Yes,1
1010,32,Government Sector,Yes,350000,2,0,No,No,0
95,34,Private Sector/Self Employed,Yes,1000000,4,1,No,No,0
1535,31,Government Sector,Yes,1500000,6,0,Yes,Yes,1
1146,27,Government Sector,Yes,900000,5,0,No,No,0
26,28,Government Sector,Yes,300000,6,0,No,No,1
315,28,Private Sector/Self Employed,Yes,800000,3,1,No,No,0
973,33,Government Sector,Yes,600000,4,0,No,No,0
1801,34,Government Sector,Yes,1300000,8,0,No,No,1
1560,34,Private Sector/Self Employed,No,1300000,6,0,Yes,No,1
830,32,Government Sector,Yes,650000,5,0,Yes,No,0
308,32,Government Sector,Yes,850000,6,0,No,No,0
104,28,Private Sector/Self Employed,Yes,800000,5,0,No,No,0
509,34,Private Sector/Self Employed,Yes,1000000,6,1,No,No,1
1166,32,Government Sector,Yes,800000,2,1,No,No,0
961,27,Private Sector/Self Employed,No,600000,8,0,No,No,0
1554,33,Government Sector,Yes,400000,2,0,No,No,0
328,29,Private Sector/Self Employed,Yes,350000,8,1,No,No,1
996,32,Government Sector,Yes,350000,5,0,No,No,0
863,26,Private Sector/Self Employed,Yes,500000,4,1,No,No,1
1161,32,Government Sector,Yes,800000,7,0,No,No,0
1257,28,Private Sector/Self Employed,Yes,500000,3,1,No,No,0
1132,27,Government Sector,Yes,500000,3,1,No,No,0
726,31,Government Sector,Yes,400000,6,1,No,No,0
1890,34,Private Sector/Self Employed,Yes,1300000,3,0,No,No,0
1133,33,Private Sector/Self Employed,Yes,1400000,4,0,No,Yes,1
1185,33,Private Sector/Self Employed,Yes,750000,3,1,No,No,0
128,26,Private Sector/Self Employed,Yes,600000,6,1,No,No,0
3,34,Private Sector/Self Employed,Yes,1050000,8,0,No,No,1
669,35,Private Sector/Self Employed,No,800000,3,1,No,No,0
606,28,Private Sector/Self Employed,Yes,900000,5,0,No,No,0
1960,27,Private Sector/Self Employed,No,450000,3,0,No,No,0
749,35,Private Sector/Self Employed,No,800000,3,0,Yes,No,0
1268,28,Government Sector,Yes,1100000,4,1,No,No,0
1273,33,Private Sector/Self Employed,Yes,550000,5,0,No,No,0
1761,32,Government Sector,Yes,900000,6,1,No,No,0
1400,33,Private Sector/Self Employed,Yes,550000,5,0,Yes,No,0
432,32,Government Sector,Yes,350000,9,1,No,No,0
1823,31,Private Sector/Self Employed,Yes,1400000,4,0,No,Yes,1
1326,26,Private Sector/Self Employed,Yes,1400000,4,1,No,Yes,1
1061,26,Private Sector/Self Employed,Yes,500000,2,0,No,No,0
580,28,Private Sector/Self Employed,Yes,600000,3,0,No,No,1
819,25,Private Sector/Self Employed,No,1150000,3,1,No,No,0
1452,32,Government Sector,Yes,850000,7,0,No,No,1
331,31,Private Sector/Self Employed,Yes,1350000,5,0,No,Yes,1
1778,28,Private Sector/Self Employed,Yes,800000,2,1,No,No,0
616,26,Private Sector/Self Employed,Yes,1500000,5,0,Yes,Yes,1
1861,28,Private Sector/Self Employed,Yes,750000,5,0,No,No,0
373,28,Private Sector/Self Employed,Yes,800000,3,1,No,No,1
59,34,Private Sector/Self Employed,Yes,1000000,5,0,No,No,0
761,25,Private Sector/Self Employed,Yes,1400000,4,0,No,Yes,1
369,29,Private Sector/Self Employed,Yes,1100000,5,0,Yes,No,0
27,29,Private Sector/Self Employed,Yes,500000,3,0,No,No,1
1270,34,Private Sector/Self Employed,Yes,1050000,4,0,No,No,0
1643,29,Private Sector/Self Employed,Yes,600000,4,0,No,No,1
1116,30,Private Sector/Self Employed,No,550000,3,0,Yes,Yes,0
1187,29,Private Sector/Self Employed,Yes,1200000,4,0,No,No,0
1908,29,Private Sector/Self Employed,Yes,1200000,8,1,No,No,0
595,33,Government Sector,Yes,600000,4,0,No,No,0
940,27,Government Sector,Yes,750000,3,1,No,No,0
905,34,Private Sector/Self Employed,Yes,700000,5,1,No,No,0
390,31,Private Sector/Self Employed,Yes,1350000,5,0,No,Yes,1
1228,29,Private Sector/Self Employed,Yes,900000,7,0,No,No,1
1007,28,Private Sector/Self Employed,Yes,1200000,5,1,No,No,0
874,28,Private Sector/Self Employed,Yes,1250000,2,0,Yes,No,0
13,34,Private Sector/Self Employed,Yes,700000,5,0,No,No,1
1425,34,Private Sector/Self Employed,Yes,1300000,4,0,No,No,0
1726,28,Private Sector/Self Employed,Yes,700000,2,1,No,No,1
1863,25,Private Sector/Self Employed,Yes,1800000,6,1,Yes,No,1
1857,33,Private Sector/Self Employed,Yes,550000,4,0,Yes,No,0
1710,34,Private Sector/Self Employed,Yes,850000,5,0,No,No,1
71,28,Government Sector,Yes,600000,7,0,No,No,0
1387,28,Private Sector/Self Employed,Yes,800000,6,0,No,No,0
1647,29,Private Sector/Self Employed,Yes,1350000,4,0,No,Yes,1
182,31,Government Sector,No,300000,3,0,No,No,0
116,26,Private Sector/Self Employed,Yes,450000,3,0,No,No,0
995,26,Private Sector/Self Employed,Yes,500000,8,0,No,No,0
1125,28,Private Sector/Self Employed,Yes,1150000,7,0,No,No,0
872,34,Private Sector/Self Employed,Yes,700000,4,0,No,No,0
1891,33,Government Sector,Yes,400000,5,1,No,No,0
1901,25,Private Sector/Self Employed,Yes,1700000,4,0,Yes,No,1
1178,27,Private Sector/Self Employed,No,450000,5,0,No,No,0
291,34,Private Sector/Self Employed,Yes,1000000,5,0,No,No,0
676,29,Private Sector/Self Employed,Yes,1050000,3,0,No,No,0
440,34,Private Sector/Self Employed,Yes,1500000,4,1,Yes,Yes,1
557,26,Private Sector/Self Employed,Yes,750000,5,0,No,No,0
1573,27,Private Sector/Self Employed,No,350000,5,1,No,No,0
48,29,Private Sector/Self Employed,Yes,1100000,4,1,No,No,0
950,34,Private Sector/Self Employed,Yes,1500000,6,0,Yes,Yes,1
1569,34,Private Sector/Self Employed,Yes,700000,3,0,No,No,0
1211,28,Government Sector,Yes,600000,7,1,No,No,0
238,34,Private Sector/Self Employed,Yes,1050000,7,0,No,No,1
4,34,Private Sector/Self Employed,Yes,1050000,5,0,No,No,1
1659,28,Private Sector/Self Employed,Yes,1200000,5,0,No,No,0
17,33,Government Sector,Yes,700000,7,0,No,No,1
85,33,Private Sector/Self Employed,Yes,1400000,4,1,No,Yes,1
1750,35,Government Sector,Yes,900000,7,0,No,No,1
1409,27,Private Sector/Self Employed,No,800000,5,1,No,No,0
195,34,Government Sector,Yes,1300000,5,1,No,No,1
1465,28,Private Sector/Self Employed,Yes,700000,3,0,No,No,1
441,28,Government Sector,Yes,600000,7,0,No,No,0
559,31,Private Sector/Self Employed,Yes,1250000,4,1,No,No,0
1933,29,Private Sector/Self Employed,Yes,1200000,5,0,No,No,0
976,34,Private Sector/Self Employed,Yes,700000,2,0,Yes,No,0
174,31,Private Sector/Self Employed,Yes,500000,5,0,No,No,0
337,31,Private Sector/Self Employed,Yes,1100000,4,0,No,No,0
78,25,Private Sector/Self Employed,Yes,1700000,6,0,Yes,No,1
1385,28,Government Sector,Yes,300000,6,0,No,No,1
698,33,Government Sector,Yes,700000,2,0,No,No,0
1748,34,Private Sector/Self Employed,Yes,1300000,7,0,No,No,1
1484,33,Government Sector,Yes,700000,4,0,No,Yes,0
1781,31,Private Sector/Self Employed,Yes,500000,4,1,No,No,1
1840,28,Government Sector,Yes,300000,3,0,No,No,0
1262,34,Private Sector/Self Employed,Yes,500000,6,0,No,No,0
1817,28,Private Sector/Self Employed,Yes,800000,5,0,Yes,No,0
1683,31,Private Sector/Self Employed,Yes,1250000,5,1,No,No,0
1745,33,Government Sector,Yes,650000,4,0,No,No,1
1263,27,Government Sector,Yes,750000,5,0,No,No,0
1130,29,Private Sector/Self Employed,Yes,1200000,5,0,No,Yes,0
389,25,Private Sector/Self Employed,No,1150000,6,0,No,No,1
40,29,Private Sector/Self Employed,Yes,900000,9,1,No,No,1
1034,28,Private Sector/Self Employed,Yes,700000,4,1,No,No,1
152,29,Private Sector/Self Employed,Yes,600000,6,0,No,No,0
379,35,Private Sector/Self Employed,No,800000,3,0,Yes,No,1
958,28,Private Sector/Self Employed,Yes,800000,6,1,Yes,No,0
1852,28,Private Sector/Self Employed,Yes,800000,9,0,No,No,1
1389,35,Private Sector/Self Employed,No,800000,5,0,No,No,1
529,32,Government Sector,Yes,800000,5,0,No,No,0
335,31,Private Sector/Self Employed,Yes,1350000,3,0,No,Yes,1
1251,28,Private Sector/Self Employed,Yes,800000,4,0,No,No,0
400,35,Private Sector/Self Employed,No,950000,3,0,No,No,0
704,30,Private Sector/Self Employed,No,800000,3,0,No,No,0
1202,29,Private Sector/Self Employed,Yes,1200000,5,0,No,No,0
1393,29,Private Sector/Self Employed,Yes,1350000,4,0,No,Yes,1
610,25,Private Sector/Self Employed,Yes,1750000,3,0,No,Yes,1
1870,25,Government Sector,Yes,750000,3,0,No,No,0
813,25,Private Sector/Self Employed,No,1150000,4,0,No,No,1
708,26,Private Sector/Self Employed,Yes,1500000,6,0,Yes,Yes,1
745,33,Government Sector,Yes,400000,5,1,No,No,0
1825,34,Private Sector/Self Employed,Yes,850000,4,0,No,No,0
1473,25,Private Sector/Self Employed,No,1700000,4,0,Yes,No,1
744,33,Government Sector,Yes,1100000,4,0,No,No,1
90,32,Government Sector,Yes,800000,5,0,No,No,0
1060,34,Private Sector/Self Employed,Yes,1300000,6,0,No,No,1
1800,31,Private Sector/Self Employed,Yes,1250000,5,0,No,No,1
1570,28,Private Sector/Self Employed,Yes,1150000,3,0,No,No,0
368,28,Private Sector/Self Employed,No,550000,5,0,No,No,0
1578,34,Private Sector/Self Employed,Yes,1500000,7,0,Yes,Yes,1
338,28,Private Sector/Self Employed,Yes,1100000,4,0,No,No,0
1885,32,Government Sector,Yes,800000,6,0,No,No,1
1512,28,Private Sector/Self Employed,Yes,800000,2,0,No,No,1
381,28,Private Sector/Self Employed,Yes,1400000,3,0,No,Yes,1
582,35,Private Sector/Self Employed,No,800000,4,0,No,No,0
870,33,Private Sector/Self Employed,Yes,1400000,4,0,No,Yes,1
490,31,Government Sector,No,400000,8,0,No,No,0
543,25,Private Sector/Self Employed,Yes,1400000,3,0,No,Yes,1
804,25,Private Sector/Self Employed,No,1150000,6,0,No,No,1
954,28,Government Sector,Yes,300000,5,1,No,No,0
203,28,Private Sector/Self Employed,Yes,800000,3,0,No,No,0
720,33,Private Sector/Self Employed,Yes,1400000,3,0,No,Yes,1
1760,29,Private Sector/Self Employed,Yes,350000,3,0,No,No,1
81,33,Government Sector,Yes,1000000,4,1,No,No,0
1961,29,Private Sector/Self Employed,Yes,1100000,4,0,No,No,0
1371,28,Private Sector/Self Employed,Yes,1150000,6,0,No,No,0
1741,34,Private Sector/Self Employed,Yes,1050000,6,0,No,Yes,1
619,35,Private Sector/Self Employed,No,800000,2,0,No,No,0
289,28,Government Sector,Yes,1200000,3,0,No,No,0
450,34,Private Sector/Self Employed,Yes,1000000,5,0,Yes,No,0
1176,28,Government Sector,Yes,300000,7,1,No,No,0
1965,28,Government Sector,No,300000,5,0,No,No,0
1644,31,Government Sector,No,350000,4,1,No,No,0
684,28,Private Sector/Self Employed,Yes,1100000,4,0,No,No,1
241,34,Private Sector/Self Employed,Yes,500000,7,1,No,No,1
361,29,Private Sector/Self Employed,Yes,600000,3,1,No,No,0
1448,28,Private Sector/Self Employed,No,550000,4,0,No,No,0
1476,28,Private Sector/Self Employed,Yes,1100000,4,1,No,No,0
1530,31,Private Sector/Self Employed,Yes,1250000,7,0,No,No,0
10,25,Private Sector/Self Employed,Yes,1400000,4,1,No,Yes,1
16,34,Private Sector/Self Employed,Yes,1500000,6,1,Yes,Yes,1
565,31,Government Sector,Yes,400000,7,0,No,No,0
1447,35,Government Sector,Yes,1100000,4,0,Yes,No,1
1550,30,Private Sector/Self Employed,No,550000,3,0,No,No,0
920,29,Private Sector/Self Employed,Yes,1200000,8,0,No,No,0
213,29,Private Sector/Self Employed,Yes,900000,3,0,No,No,0
214,32,Government Sector,Yes,350000,7,0,No,No,0
1584,28,Private Sector/Self Employed,Yes,900000,9,1,No,Yes,0
1203,35,Private Sector/Self Employed,No,800000,4,0,No,No,0
272,28,Private Sector/Self Employed,Yes,800000,4,0,No,No,0
1738,29,Private Sector/Self Employed,Yes,1200000,5,0,No,No,1
1072,34,Private Sector/Self Employed,Yes,1500000,4,1,Yes,Yes,1
1406,32,Government Sector,Yes,350000,6,0,No,No,0
721,32,Government Sector,Yes,900000,6,1,No,No,0
261,30,Private Sector/Self Employed,No,1450000,7,0,Yes,Yes,1
546,35,Private Sector/Self Employed,No,950000,9,0,No,No,1
1029,31,Private Sector/Self Employed,Yes,950000,7,0,Yes,No,0
1128,34,Government Sector,Yes,1300000,4,0,No,No,1
1424,31,Government Sector,No,400000,4,1,No,No,0
1542,28,Private Sector/Self Employed,Yes,1200000,3,0,No,No,0
1699,28,Private Sector/Self Employed,Yes,1150000,6,0,No,No,0
621,28,Private Sector/Self Employed,Yes,1400000,4,0,No,Yes,1
117,28,Private Sector/Self Employed,Yes,1150000,4,1,No,No,0
418,34,Private Sector/Self Employed,Yes,1000000,5,0,No,No,0
764,25,Private Sector/Self Employed,Yes,1400000,3,0,No,Yes,1
1865,33,Government Sector,Yes,650000,5,0,Yes,No,1
1816,27,Private Sector/Self Employed,No,350000,4,0,No,No,0
839,34,Private Sector/Self Employed,Yes,1300000,6,1,No,No,0
1159,25,Government Sector,Yes,750000,6,0,No,No,0
1959,30,Private Sector/Self Employed,No,800000,5,0,No,No,1
762,29,Private Sector/Self Employed,Yes,350000,9,1,No,No,0
1395,28,Private Sector/Self Employed,Yes,1200000,4,0,No,No,0
1958,32,Government Sector,Yes,850000,5,1,No,No,0
775,25,Private Sector/Self Employed,Yes,1400000,5,0,Yes,Yes,1
767,35,Private Sector/Self Employed,No,800000,7,0,No,No,1
1662,34,Private Sector/Self Employed,Yes,1300000,6,0,No,No,1
1502,28,Private Sector/Self Employed,Yes,800000,5,0,No,No,0
329,34,Private Sector/Self Employed,Yes,1000000,6,0,Yes,Yes,1
1398,25,Private Sector/Self Employed,No,1150000,8,0,No,No,0
1432,30,Private Sector/Self Employed,No,800000,6,0,Yes,No,0
479,34,Private Sector/Self Employed,Yes,1050000,4,1,No,No,0
786,34,Private Sector/Self Employed,No,1300000,5,1,No,No,0
843,30,Private Sector/Self Employed,No,1450000,5,1,Yes,Yes,1
1532,29,Private Sector/Self Employed,Yes,1200000,4,0,Yes,No,0
32,25,Private Sector/Self Employed,Yes,1700000,3,0,Yes,No,1
363,29,Private Sector/Self Employed,Yes,1050000,3,1,Yes,No,1
77,25,Private Sector/Self Employed,Yes,1700000,3,0,Yes,No,1
79,28,Private Sector/Self Employed,Yes,1200000,4,0,No,No,0
1913,34,Private Sector/Self Employed,No,750000,4,0,Yes,No,0
1265,34,Private Sector/Self Employed,Yes,500000,4,0,No,No,0
1508,25,Private Sector/Self Employed,No,600000,4,0,Yes,No,0
968,28,Government Sector,Yes,600000,6,0,No,No,0
91,28,Government Sector,Yes,600000,3,0,No,No,1
1875,28,Private Sector/Self Employed,Yes,700000,7,0,No,No,0
187,25,Private Sector/Self Employed,Yes,1700000,5,0,Yes,No,1
1298,28,Government Sector,Yes,1100000,6,1,No,No,0
963,28,Private Sector/Self Employed,Yes,800000,4,0,No,No,0
583,28,Government Sector,Yes,600000,4,0,No,No,0
1619,28,Private Sector/Self Employed,Yes,1350000,5,0,No,Yes,1
99,28,Government Sector,Yes,600000,2,0,Yes,No,0
1162,33,Private Sector/Self Employed,Yes,1400000,4,0,Yes,Yes,0
765,28,Private Sector/Self Employed,Yes,1250000,5,0,Yes,No,0
515,26,Private Sector/Self Employed,Yes,500000,6,0,No,No,0
1320,29,Private Sector/Self Employed,Yes,1200000,8,0,Yes,No,0
376,31,Private Sector/Self Employed,Yes,1250000,2,0,No,No,0
1964,25,Private Sector/Self Employed,Yes,1700000,4,0,Yes,No,1
789,33,Government Sector,Yes,400000,4,1,No,No,0
1851,35,Private Sector/Self Employed,No,800000,4,0,No,No,0
1388,28,Private Sector/Self Employed,Yes,1250000,6,0,No,No,0
1904,28,Private Sector/Self Employed,Yes,1100000,4,1,No,No,1
1756,28,Private Sector/Self Employed,Yes,550000,4,1,Yes,No,0
1946,28,Private Sector/Self Employed,Yes,1200000,4,0,No,No,0
1730,27,Government Sector,Yes,500000,4,0,No,No,1
358,34,Private Sector/Self Employed,Yes,1000000,5,0,No,No,0
473,31,Private Sector/Self Employed,Yes,1750000,7,0,No,No,0
1943,31,Private Sector/Self Employed,Yes,1100000,3,0,No,No,0
847,29,Private Sector/Self Employed,Yes,1200000,5,0,No,No,0
1292,28,Private Sector/Self Employed,Yes,800000,4,0,No,No,0
913,29,Private Sector/Self Employed,Yes,1150000,4,1,No,No,0
322,26,Private Sector/Self Employed,Yes,1500000,5,1,Yes,Yes,1
1420,28,Private Sector/Self Employed,Yes,1100000,4,1,No,No,0
426,29,Private Sector/Self Employed,Yes,900000,5,0,No,No,0
1299,34,Private Sector/Self Employed,Yes,850000,3,1,No,No,0
1351,28,Private Sector/Self Employed,Yes,800000,3,0,No,No,0
1751,34,Private Sector/Self Employed,Yes,500000,5,0,Yes,Yes,0
532,31,Private Sector/Self Employed,Yes,1250000,4,0,Yes,Yes,0
1636,26,Private Sector/Self Employed,Yes,600000,3,0,No,No,0
614,28,Private Sector/Self Employed,Yes,700000,5,0,No,No,0
1593,34,Private Sector/Self Employed,No,1300000,5,0,No,No,0
1521,28,Private Sector/Self Employed,Yes,1200000,9,0,No,No,0
697,28,Private Sector/Self Employed,Yes,1350000,9,0,No,Yes,1
167,31,Private Sector/Self Employed,Yes,1350000,6,0,No,Yes,1
153,28,Private Sector/Self Employed,Yes,1150000,3,0,No,No,0
713,29,Private Sector/Self Employed,Yes,500000,4,0,No,No,0
1565,28,Private Sector/Self Employed,Yes,1450000,4,0,Yes,Yes,1
743,30,Private Sector/Self Employed,No,1450000,7,1,Yes,Yes,1
675,26,Private Sector/Self Employed,Yes,1400000,9,1,No,Yes,1
1558,25,Private Sector/Self Employed,No,1150000,5,0,No,No,0
689,25,Private Sector/Self Employed,No,1150000,8,0,No,No,0
354,32,Government Sector,Yes,650000,4,0,No,No,0
1515,25,Private Sector/Self Employed,Yes,1700000,5,0,Yes,No,1
1686,29,Private Sector/Self Employed,Yes,1200000,4,0,No,No,0
1949,31,Government Sector,No,400000,5,0,No,No,0
1779,32,Government Sector,Yes,350000,6,0,No,No,0
431,31,Private Sector/Self Employed,Yes,1100000,5,0,Yes,No,0
491,34,Private Sector/Self Employed,Yes,1000000,5,0,No,No,0
1562,28,Private Sector/Self Employed,Yes,1100000,6,0,No,No,0
518,34,Private Sector/Self Employed,Yes,1000000,3,1,No,No,0
1102,25,Government Sector,Yes,750000,2,0,Yes,No,0
497,26,Private Sector/Self Employed,Yes,1400000,4,0,No,Yes,1
112,35,Government Sector,Yes,1100000,8,0,Yes,No,1
1688,25,Private Sector/Self Employed,No,1350000,5,1,No,Yes,1
1310,27,Private Sector/Self Employed,No,800000,7,0,No,No,0
1895,35,Private Sector/Self Employed,No,800000,5,0,No,No,0
522,32,Government Sector,Yes,850000,3,0,No,No,0
233,31,Government Sector,No,1750000,2,0,No,No,0
1547,34,Private Sector/Self Employed,No,1400000,4,0,No,Yes,0
1197,31,Private Sector/Self Employed,Yes,900000,6,0,No,No,0
312,28,Private Sector/Self Employed,Yes,800000,4,1,Yes,No,1
1129,31,Government Sector,No,300000,9,1,No,No,0
868,34,Private Sector/Self Employed,Yes,1500000,7,0,Yes,Yes,1
1196,28,Private Sector/Self Employed,Yes,700000,5,1,No,No,0
1344,31,Private Sector/Self Employed,Yes,1100000,3,1,Yes,No,0
960,26,Private Sector/Self Employed,Yes,600000,7,0,No,No,0
657,28,Private Sector/Self Employed,Yes,750000,3,1,No,No,0
1869,26,Government Sector,Yes,550000,5,0,No,No,1
1729,28,Private Sector/Self Employed,Yes,550000,8,0,No,No,0
1149,28,Private Sector/Self Employed,Yes,900000,6,1,Yes,No,0
1482,29,Private Sector/Self Employed,Yes,1350000,3,1,Yes,Yes,0
1245,33,Government Sector,Yes,400000,4,0,No,No,0
127,29,Private Sector/Self Employed,Yes,1100000,4,0,No,No,0
429,29,Private Sector/Self Employed,Yes,900000,5,0,No,No,1
145,34,Private Sector/Self Employed,Yes,1050000,5,0,No,No,0
1247,27,Private Sector/Self Employed,No,350000,5,1,No,No,0
60,31,Government Sector,No,300000,4,0,No,No,0
186,33,Private Sector/Self Employed,Yes,1400000,5,0,No,Yes,1
821,29,Private Sector/Self Employed,Yes,1050000,3,0,No,No,0
918,26,Private Sector/Self Employed,Yes,1300000,4,0,No,No,0
1595,35,Private Sector/Self Employed,No,800000,5,0,No,No,0
829,29,Private Sector/Self Employed,Yes,1050000,3,0,No,No,0
1944,31,Government Sector,Yes,1500000,3,0,Yes,Yes,1
592,28,Government Sector,Yes,600000,8,0,No,No,0
449,27,Government Sector,Yes,750000,4,0,Yes,No,0
1408,28,Private Sector/Self Employed,Yes,1200000,6,0,No,No,0
1319,28,Private Sector/Self Employed,Yes,1150000,3,0,Yes,No,0
1524,26,Private Sector/Self Employed,Yes,600000,6,1,No,No,1
492,27,Government Sector,Yes,900000,4,0,No,No,0
398,28,Private Sector/Self Employed,Yes,1200000,5,0,No,No,0
1117,28,Private Sector/Self Employed,Yes,700000,4,0,No,No,0
1580,28,Private Sector/Self Employed,Yes,500000,3,0,No,No,0
523,31,Private Sector/Self Employed,Yes,1400000,6,0,No,Yes,1
740,28,Private Sector/Self Employed,Yes,750000,6,0,Yes,No,0
276,34,Private Sector/Self Employed,Yes,1050000,6,0,No,No,1
288,34,Private Sector/Self Employed,No,1400000,3,1,No,Yes,1
722,27,Government Sector,Yes,500000,8,0,No,No,0
1514,28,Private Sector/Self Employed,Yes,800000,5,0,No,No,0
923,27,Government Sector,Yes,750000,3,0,No,No,0
601,27,Government Sector,Yes,500000,5,0,No,No,0
1607,29,Private Sector/Self Employed,Yes,1200000,4,0,No,No,0
1094,28,Government Sector,Yes,300000,5,0,No,No,0
1095,31,Private Sector/Self Employed,Yes,1250000,3,0,No,No,0
1031,25,Private Sector/Self Employed,No,600000,5,0,Yes,No,0
466,28,Private Sector/Self Employed,Yes,1200000,9,0,No,No,1
1077,29,Private Sector/Self Employed,Yes,1150000,4,1,No,Yes,0
930,31,Government Sector,No,300000,7,0,No,No,0
1105,28,Private Sector/Self Employed,Yes,800000,5,0,No,No,0
176,29,Private Sector/Self Employed,Yes,1350000,4,0,No,Yes,1
1283,28,Private Sector/Self Employed,Yes,1200000,6,0,Yes,No,0
1928,31,Government Sector,Yes,400000,9,1,No,No,0
1591,28,Government Sector,Yes,600000,3,0,No,No,0
1380,34,Private Sector/Self Employed,Yes,1300000,5,1,No,No,0
712,32,Government Sector,Yes,350000,9,1,No,No,0
727,30,Private Sector/Self Employed,No,800000,9,0,No,No,0
189,28,Private Sector/Self Employed,Yes,1100000,2,1,No,No,1
1471,33,Private Sector/Self Employed,Yes,1400000,6,1,No,Yes,1
92,34,Private Sector/Self Employed,Yes,1500000,5,1,Yes,Yes,1
164,31,Private Sector/Self Employed,Yes,900000,5,0,No,No,0
887,34,Private Sector/Self Employed,Yes,700000,7,0,No,No,0
685,34,Private Sector/Self Employed,Yes,700000,6,0,No,No,1
1392,34,Private Sector/Self Employed,No,1400000,7,1,No,Yes,1
1277,32,Government Sector,Yes,900000,4,0,No,No,0
417,33,Government Sector,Yes,1750000,4,0,No,No,0
603,28,Government Sector,Yes,300000,4,0,No,No,0
6,28,Private Sector/Self Employed,Yes,1750000,5,1,No,Yes,0
132,33,Government Sector,Yes,1100000,4,0,No,No,1
1232,28,Private Sector/Self Employed,No,550000,4,1,No,Yes,1
1382,28,Private Sector/Self Employed,Yes,550000,4,1,No,No,0
1684,27,Government Sector,Yes,1050000,4,1,No,No,1
1839,31,Private Sector/Self Employed,Yes,950000,4,1,No,No,1
527,34,Private Sector/Self Employed,Yes,1500000,5,0,Yes,Yes,1
1754,28,Private Sector/Self Employed,Yes,900000,3,0,No,No,0
1143,29,Private Sector/Self Employed,Yes,1200000,4,0,Yes,No,0
1084,34,Private Sector/Self Employed,Yes,500000,3,0,No,No,0
894,31,Government Sector,Yes,400000,6,0,No,No,0
893,25,Private Sector/Self Employed,Yes,1400000,3,1,Yes,Yes,1
1529,28,Government Sector,Yes,300000,4,0,No,No,0
1742,27,Government Sector,Yes,900000,4,0,No,No,0
206,28,Private Sector/Self Employed,Yes,700000,2,1,No,No,0
333,32,Government Sector,Yes,850000,6,0,No,No,1
1776,33,Government Sector,Yes,700000,8,0,No,No,1
988,29,Private Sector/Self Employed,Yes,1350000,7,1,No,Yes,1
915,27,Private Sector/Self Employed,No,450000,7,0,No,No,0
604,28,Private Sector/Self Employed,Yes,1100000,4,0,No,No,0
634,27,Government Sector,Yes,750000,5,0,No,No,0
42,29,Private Sector/Self Employed,Yes,900000,4,0,No,No,0
1631,27,Government Sector,Yes,850000,2,0,No,Yes,0
1221,26,Government Sector,Yes,500000,5,0,No,No,0
433,25,Private Sector/Self Employed,Yes,1400000,8,0,No,Yes,1
756,28,Private Sector/Self Employed,Yes,1100000,4,1,No,No,0
1254,28,Private Sector/Self Employed,Yes,600000,5,0,Yes,No,1
123,33,Private Sector/Self Employed,Yes,1500000,5,0,Yes,Yes,1
639,31,Government Sector,No,350000,3,1,No,No,0
1451,32,Government Sector,Yes,800000,5,1,No,No,1
1672,27,Private Sector/Self Employed,No,350000,2,0,No,No,0
826,25,Private Sector/Self Employed,No,1150000,4,0,No,No,0
901,28,Private Sector/Self Employed,Yes,550000,6,1,No,No,0
138,28,Private Sector/Self Employed,Yes,1100000,4,0,No,No,0
1454,34,Private Sector/Self Employed,Yes,1000000,5,0,No,No,0
296,27,Private Sector/Self Employed,No,450000,4,0,No,No,1
933,25,Private Sector/Self Employed,Yes,1400000,5,0,Yes,Yes,1
520,29,Private Sector/Self Employed,Yes,600000,4,0,Yes,No,1
456,28,Private Sector/Self Employed,Yes,1300000,6,1,No,No,1
834,34,Government Sector,Yes,1300000,7,1,No,Yes,1
270,35,Private Sector/Self Employed,No,600000,9,0,No,No,0
771,25,Private Sector/Self Employed,Yes,1400000,5,0,No,Yes,1
895,28,Private Sector/Self Employed,Yes,700000,4,1,No,No,0
1639,35,Government Sector,Yes,900000,4,1,No,No,1
228,25,Government Sector,Yes,750000,3,1,No,No,0
787,31,Private Sector/Self Employed,Yes,1250000,5,1,No,No,0
1059,31,Private Sector/Self Employed,Yes,1250000,5,0,No,No,1
1884,28,Private Sector/Self Employed,Yes,550000,5,0,No,No,0
1449,28,Government Sector,Yes,300000,5,0,No,No,0
507,31,Government Sector,Yes,400000,4,0,No,No,0
917,32,Government Sector,Yes,850000,4,1,No,No,0
168,28,Private Sector/Self Employed,Yes,1200000,4,1,No,Yes,0
631,29,Private Sector/Self Employed,Yes,1050000,6,0,No,No,0
460,30,Private Sector/Self Employed,No,800000,3,0,No,No,0
386,34,Private Sector/Self Employed,Yes,1000000,3,0,No,No,0
645,29,Private Sector/Self Employed,Yes,1200000,3,0,No,No,1
120,25,Private Sector/Self Employed,Yes,1700000,3,0,Yes,No,1
1707,30,Private Sector/Self Employed,No,1450000,5,0,Yes,Yes,1
472,32,Government Sector,Yes,350000,6,1,No,No,0
534,34,Private Sector/Self Employed,Yes,1500000,2,0,Yes,Yes,1
692,33,Government Sector,Yes,1000000,6,0,Yes,No,0
383,34,Private Sector/Self Employed,Yes,1000000,6,0,No,No,1
1323,25,Private Sector/Self Employed,Yes,1700000,4,0,Yes,No,1
222,32,Government Sector,Yes,800000,6,1,No,No,1
73,29,Private Sector/Self Employed,Yes,1050000,7,0,No,No,0
587,27,Private Sector/Self Employed,No,350000,5,1,No,No,0
452,33,Private Sector/Self Employed,Yes,550000,4,0,No,No,1
1906,28,Private Sector/Self Employed,Yes,800000,6,0,No,No,0
113,31,Government Sector,No,350000,6,1,No,No,0
1260,29,Private Sector/Self Employed,Yes,500000,6,0,No,No,1
796,28,Private Sector/Self Employed,Yes,1400000,4,0,Yes,Yes,0
66,28,Government Sector,Yes,600000,4,0,No,No,0
1687,28,Private Sector/Self Employed,Yes,1100000,5,0,No,No,0
485,28,Private Sector/Self Employed,Yes,1150000,6,0,No,No,0
860,31,Private Sector/Self Employed,Yes,1250000,7,0,No,No,0
403,35,Private Sector/Self Employed,No,950000,6,0,No,Yes,0
1903,27,Government Sector,Yes,500000,6,1,No,No,0
1113,27,Government Sector,Yes,900000,4,0,Yes,No,0
816,26,Private Sector/Self Employed,Yes,750000,6,0,No,No,0
1171,31,Government Sector,Yes,1300000,3,1,No,No,0
65,33,Government Sector,Yes,400000,8,0,No,No,1
1792,31,Private Sector/Self Employed,Yes,1400000,2,0,No,Yes,1
1313,31,Government Sector,Yes,1300000,5,1,Yes,No,1
1426,32,Government Sector,Yes,900000,5,0,Yes,No,0
686,28,Private Sector/Self Employed,Yes,1200000,4,0,No,No,1
80,34,Private Sector/Self Employed,Yes,1000000,4,0,No,No,1
318,34,Private Sector/Self Employed,No,750000,3,0,Yes,No,0
173,28,Government Sector,Yes,300000,6,1,No,No,0
1610,28,Private Sector/Self Employed,Yes,800000,3,0,No,No,0
1853,35,Private Sector/Self Employed,No,800000,7,1,No,Yes,1
1935,29,Private Sector/Self Employed,Yes,1200000,9,0,No,No,1
399,31,Private Sector/Self Employed,Yes,950000,3,0,Yes,No,0
1411,25,Private Sector/Self Employed,No,1150000,3,0,Yes,No,0
1796,34,Private Sector/Self Employed,Yes,1300000,4,1,No,No,1
425,32,Government Sector,Yes,350000,3,0,No,Yes,0
1444,28,Private Sector/Self Employed,Yes,500000,5,1,No,No,1
480,33,Government Sector,Yes,800000,4,0,No,No,0
53,28,Private Sector/Self Employed,Yes,700000,4,1,No,Yes,0
914,30,Private Sector/Self Employed,No,550000,4,0,No,No,1
679,29,Private Sector/Self Employed,Yes,1050000,3,1,Yes,No,0
356,32,Government Sector,Yes,850000,3,1,No,No,0
282,28,Private Sector/Self Employed,Yes,800000,4,0,No,No,0
778,33,Government Sector,Yes,400000,5,0,No,No,0
67,26,Private Sector/Self Employed,Yes,1400000,5,0,No,Yes,1
1531,25,Private Sector/Self Employed,No,1350000,4,0,No,Yes,1
1064,28,Private Sector/Self Employed,Yes,1250000,6,0,No,Yes,0
1103,34,Government Sector,Yes,1300000,4,0,No,No,0
1689,29,Private Sector/Self Employed,Yes,1100000,4,1,No,Yes,1
1826,33,Government Sector,Yes,1100000,5,0,No,No,0
1854,28,Private Sector/Self Employed,Yes,550000,4,0,No,No,0
717,28,Private Sector/Self Employed,Yes,700000,3,0,No,No,0
391,26,Government Sector,Yes,500000,7,1,No,No,0
521,34,Private Sector/Self Employed,Yes,500000,7,0,No,No,0
264,31,Private Sector/Self Employed,Yes,1400000,6,0,No,Yes,1
1486,30,Private Sector/Self Employed,No,650000,7,0,No,No,0
30,29,Private Sector/Self Employed,Yes,500000,3,1,No,No,0
1774,29,Private Sector/Self Employed,Yes,350000,4,0,No,No,0
1220,31,Private Sector/Self Employed,Yes,500000,3,1,No,No,1
225,31,Private Sector/Self Employed,Yes,1250000,6,0,No,No,0
360,28,Private Sector/Self Employed,Yes,800000,5,0,Yes,No,0
1830,32,Government Sector,Yes,800000,9,0,No,Yes,1
1604,30,Private Sector/Self Employed,No,550000,5,0,Yes,No,0
184,33,Private Sector/Self Employed,Yes,1400000,6,1,No,Yes,1
1771,26,Private Sector/Self Employed,Yes,600000,3,0,No,No,0
1592,28,Private Sector/Self Employed,Yes,800000,4,0,No,No,0
1819,29,Private Sector/Self Employed,Yes,1050000,3,0,No,No,1
1074,34,Private Sector/Self Employed,Yes,700000,7,1,No,No,1
1735,34,Government Sector,Yes,1300000,4,0,No,No,0
229,33,Government Sector,Yes,1100000,3,0,No,No,1
1358,33,Private Sector/Self Employed,Yes,1400000,9,0,Yes,Yes,1
1071,30,Private Sector/Self Employed,No,550000,5,1,No,No,1
1239,28,Government Sector,Yes,600000,3,0,No,No,0
748,34,Private Sector/Self Employed,Yes,1050000,8,1,No,No,1
577,25,Private Sector/Self Employed,Yes,1750000,4,0,No,Yes,1
620,34,Private Sector/Self Employed,No,1300000,5,0,No,No,0
588,27,Private Sector/Self Employed,No,450000,4,0,No,No,0
323,26,Private Sector/Self Employed,Yes,1400000,4,1,No,Yes,1
1806,34,Private Sector/Self Employed,Yes,700000,5,0,No,No,0
7,29,Private Sector/Self Employed,Yes,900000,3,0,No,No,1
1172,28,Private Sector/Self Employed,Yes,800000,7,0,No,No,0
678,29,Private Sector/Self Employed,Yes,1200000,7,1,No,No,0
1434,28,Private Sector/Self Employed,Yes,700000,4,1,No,No,0
1403,25,Private Sector/Self Employed,No,600000,3,0,No,No,1
474,28,Government Sector,Yes,300000,6,0,No,No,0
215,34,Private Sector/Self Employed,Yes,1300000,6,0,No,No,1
260,31,Government Sector,Yes,400000,4,0,No,No,0
1436,31,Private Sector/Self Employed,Yes,1400000,6,1,No,Yes,0
971,28,Private Sector/Self Employed,Yes,1250000,4,1,No,No,0
435,28,Private Sector/Self Employed,Yes,800000,6,1,No,No,0
877,28,Private Sector/Self Employed,Yes,1100000,2,0,No,No,1
857,28,Private Sector/Self Employed,Yes,700000,3,1,No,No,0
977,27,Private Sector/Self Employed,No,600000,4,0,Yes,No,0
1206,32,Government Sector,Yes,850000,3,0,No,No,0
898,25,Private Sector/Self Employed,Yes,1400000,6,0,Yes,Yes,1
528,29,Private Sector/Self Employed,Yes,1100000,3,0,No,No,0
245,28,Government Sector,Yes,300000,3,0,No,No,0
710,28,Government Sector,Yes,300000,3,0,No,No,0
1618,30,Private Sector/Self Employed,No,500000,3,0,No,No,0
300,33,Government Sector,Yes,1000000,5,0,Yes,No,0
462,26,Private Sector/Self Employed,Yes,1400000,3,1,No,Yes,1
1100,26,Private Sector/Self Employed,Yes,1250000,5,0,No,No,0
1915,34,Government Sector,Yes,1300000,2,1,No,No,0
1658,30,Private Sector/Self Employed,No,550000,5,0,No,No,0
1030,26,Private Sector/Self Employed,Yes,600000,4,1,No,No,0
1043,29,Private Sector/Self Employed,Yes,1200000,3,0,No,No,0
339,26,Private Sector/Self Employed,Yes,1250000,4,0,No,No,1
172,28,Private Sector/Self Employed,Yes,1250000,6,1,No,No,0
443,29,Private Sector/Self Employed,Yes,1750000,6,0,No,No,0
1019,32,Government Sector,Yes,350000,3,0,No,No,0
1666,27,Government Sector,Yes,1050000,3,0,No,No,0
1553,30,Private Sector/Self Employed,No,650000,6,1,No,No,1
869,28,Private Sector/Self Employed,Yes,800000,3,0,No,No,0
1627,28,Government Sector,Yes,600000,3,0,Yes,No,0
1536,34,Private Sector/Self Employed,Yes,1500000,3,1,Yes,Yes,1
1789,31,Government Sector,No,300000,5,0,No,No,0
1414,28,Private Sector/Self Employed,Yes,700000,5,0,No,Yes,0
178,27,Private Sector/Self Employed,No,1000000,3,1,No,No,0
867,28,Government Sector,Yes,300000,7,0,No,No,0
1246,31,Private Sector/Self Employed,Yes,1350000,5,0,No,Yes,1
1275,31,Private Sector/Self Employed,Yes,1250000,6,0,No,No,0
346,28,Government Sector,Yes,300000,4,0,No,No,0
842,25,Private Sector/Self Employed,Yes,1800000,7,1,Yes,No,1
1286,31,Government Sector,Yes,400000,2,0,No,No,0
269,27,Government Sector,Yes,850000,5,1,No,No,0
650,29,Private Sector/Self Employed,Yes,600000,3,0,No,No,0
1332,26,Private Sector/Self Employed,Yes,1500000,5,0,Yes,Yes,1
1914,32,Government Sector,Yes,850000,3,0,Yes,No,0
672,28,Private Sector/Self Employed,Yes,700000,4,1,No,No,1
541,33,Government Sector,Yes,1000000,3,0,No,No,0
183,28,Private Sector/Self Employed,Yes,700000,7,1,No,No,0
628,28,Private Sector/Self Employed,Yes,1150000,6,0,No,No,1
1866,34,Private Sector/Self Employed,Yes,700000,6,0,Yes,No,1
974,28,Private Sector/Self Employed,Yes,900000,5,0,Yes,No,0
1439,29,Private Sector/Self Employed,Yes,1200000,3,1,No,No,1
851,28,Private Sector/Self Employed,Yes,650000,4,0,No,No,0
1014,33,Private Sector/Self Employed,Yes,550000,5,1,No,No,1
1917,28,Private Sector/Self Employed,Yes,750000,3,0,No,No,0
469,28,Private Sector/Self Employed,Yes,1200000,3,0,No,No,1
1614,31,Government Sector,Yes,400000,3,0,No,No,0
1948,25,Private Sector/Self Employed,Yes,1400000,5,1,No,Yes,1
941,28,Government Sector,No,300000,4,0,No,No,0
1963,28,Private Sector/Self Employed,Yes,1250000,7,0,No,No,0
1012,26,Private Sector/Self Employed,Yes,1250000,3,1,No,No,1
542,31,Private Sector/Self Employed,Yes,1250000,6,0,No,No,1
1552,30,Private Sector/Self Employed,No,800000,4,0,No,No,0
266,33,Private Sector/Self Employed,Yes,1400000,7,0,No,Yes,1
252,27,Government Sector,Yes,850000,5,0,No,No,0
1769,31,Private Sector/Self Employed,Yes,1250000,4,0,No,No,0
1024,28,Private Sector/Self Employed,Yes,1450000,5,0,Yes,Yes,1
1701,28,Private Sector/Self Employed,Yes,900000,4,0,Yes,No,0
1581,33,Government Sector,Yes,650000,5,1,No,No,1
1899,26,Private Sector/Self Employed,Yes,1250000,4,0,No,No,0
677,28,Private Sector/Self Employed,Yes,700000,3,1,No,No,0
607,31,Private Sector/Self Employed,Yes,900000,3,0,No,No,0
731,26,Private Sector/Self Employed,Yes,500000,3,0,No,No,0
24,28,Private Sector/Self Employed,Yes,1450000,4,0,Yes,Yes,1
1090,33,Government Sector,Yes,1000000,4,0,No,No,0
412,28,Private Sector/Self Employed,Yes,1100000,7,1,No,No,1
177,31,Private Sector/Self Employed,Yes,1350000,4,0,No,Yes,1
1207,28,Private Sector/Self Employed,Yes,500000,5,0,No,No,1
1845,28,Private Sector/Self Employed,Yes,700000,4,0,No,No,0
274,28,Government Sector,Yes,300000,8,0,No,No,0
467,26,Private Sector/Self Employed,Yes,600000,5,1,No,No,0
1186,32,Government Sector,Yes,800000,5,0,Yes,No,0
1820,32,Government Sector,Yes,800000,6,0,No,No,0
1009,33,Government Sector,No,400000,4,0,No,No,0
1295,28,Private Sector/Self Employed,Yes,900000,7,0,No,No,0
643,28,Private Sector/Self Employed,Yes,1100000,5,0,No,No,0
1791,29,Private Sector/Self Employed,Yes,1200000,9,0,No,No,0
540,31,Government Sector,No,400000,3,0,No,No,0
161,25,Private Sector/Self Employed,No,1700000,5,1,Yes,No,0
175,28,Private Sector/Self Employed,Yes,650000,5,0,No,Yes,0
846,32,Government Sector,Yes,850000,7,1,No,No,1
1154,31,Government Sector,Yes,400000,5,0,No,No,0
1281,28,Private Sector/Self Employed,Yes,550000,5,0,No,No,0
1645,35,Government Sector,Yes,1100000,2,1,No,No,0
157,28,Private Sector/Self Employed,Yes,1150000,2,1,Yes,No,0
1297,35,Private Sector/Self Employed,No,950000,5,1,No,No,0
1881,29,Private Sector/Self Employed,Yes,600000,5,1,No,No,0
1951,28,Private Sector/Self Employed,Yes,700000,4,0,Yes,No,0
517,28,Private Sector/Self Employed,Yes,1100000,6,0,Yes,No,0
1001,33,Private Sector/Self Employed,Yes,550000,5,0,Yes,No,0
409,28,Private Sector/Self Employed,Yes,600000,3,0,No,No,0
321,33,Government Sector,Yes,1100000,5,0,No,No,0
1749,25,Private Sector/Self Employed,No,1150000,5,1,No,No,0
1837,27,Government Sector,Yes,850000,4,1,Yes,Yes,1
88,28,Private Sector/Self Employed,No,550000,6,0,No,No,1
598,35,Private Sector/Self Employed,No,950000,4,0,No,No,1
285,31,Private Sector/Self Employed,Yes,900000,3,0,No,No,0
36,29,Government Sector,Yes,600000,3,0,No,No,0
1637,28,Private Sector/Self Employed,Yes,800000,4,0,Yes,No,0
1657,34,Private Sector/Self Employed,Yes,1000000,5,0,Yes,No,0
344,31,Government Sector,Yes,1300000,3,1,No,No,1
68,27,Government Sector,Yes,500000,2,0,No,No,0
319,28,Private Sector/Self Employed,Yes,700000,5,0,Yes,No,0
1888,28,Government Sector,Yes,300000,6,0,No,No,0
292,33,Government Sector,Yes,800000,4,0,No,No,0
1807,28,Private Sector/Self Employed,Yes,800000,6,0,No,Yes,0
1028,26,Private Sector/Self Employed,Yes,1400000,5,0,No,Yes,1
759,31,Private Sector/Self Employed,Yes,1400000,6,0,Yes,Yes,1
1453,31,Government Sector,Yes,1200000,7,0,No,No,0
1661,34,Private Sector/Self Employed,Yes,1300000,3,0,No,No,0
989,26,Private Sector/Self Employed,Yes,750000,4,1,No,No,0
999,34,Private Sector/Self Employed,Yes,500000,4,1,No,No,1
477,34,Private Sector/Self Employed,Yes,1500000,4,1,Yes,Yes,1
617,27,Private Sector/Self Employed,No,450000,3,0,No,No,1
701,26,Private Sector/Self Employed,Yes,600000,4,1,No,No,0
1303,28,Private Sector/Self Employed,Yes,500000,6,1,No,No,0
1250,31,Private Sector/Self Employed,Yes,900000,5,1,No,No,0
1878,28,Private Sector/Self Employed,Yes,1150000,7,1,No,No,0
136,28,Government Sector,Yes,1200000,7,1,No,No,0
801,31,Government Sector,Yes,1200000,7,1,No,No,0
28,34,Private Sector/Self Employed,Yes,700000,3,0,No,No,1
594,34,Private Sector/Self Employed,Yes,1000000,6,1,No,No,1
422,35,Government Sector,Yes,1100000,5,0,No,No,0
25,34,Government Sector,Yes,1300000,4,0,No,No,0
1624,28,Government Sector,Yes,300000,3,0,No,No,0
1225,34,Government Sector,Yes,1300000,6,0,No,Yes,1
1242,34,Private Sector/Self Employed,Yes,500000,4,0,No,No,0
1048,29,Private Sector/Self Employed,Yes,1200000,4,0,No,No,0
364,28,Private Sector/Self Employed,Yes,750000,7,0,Yes,No,0
110,29,Private Sector/Self Employed,Yes,900000,7,0,Yes,No,0
137,34,Private Sector/Self Employed,Yes,1750000,5,0,No,No,0
1605,28,Private Sector/Self Employed,Yes,700000,5,1,No,No,0
488,33,Private Sector/Self Employed,Yes,1400000,2,1,No,Yes,1
44,26,Private Sector/Self Employed,Yes,1400000,3,0,No,Yes,1
1227,31,Private Sector/Self Employed,Yes,1400000,3,0,No,Yes,1
1481,29,Private Sector/Self Employed,Yes,1050000,3,0,No,No,1
944,32,Government Sector,Yes,800000,4,0,Yes,Yes,0
1167,27,Government Sector,Yes,500000,7,0,No,No,0
1601,33,Government Sector,Yes,1100000,5,0,No,No,0
478,28,Government Sector,Yes,300000,5,0,No,No,0
1976,31,Private Sector/Self Employed,Yes,900000,3,0,No,No,0
188,28,Government Sector,Yes,600000,8,0,Yes,No,0
1574,33,Government Sector,Yes,650000,4,0,No,Yes,1
159,32,Government Sector,Yes,350000,3,0,No,No,0
286,34,Government Sector,Yes,1100000,3,0,No,No,1
881,31,Private Sector/Self Employed,Yes,1350000,3,1,No,Yes,1
1460,33,Government Sector,Yes,400000,4,0,No,No,0
1253,30,Private Sector/Self Employed,No,650000,3,1,No,No,0
1349,33,Government Sector,Yes,800000,6,0,No,No,1
1868,26,Government Sector,Yes,1450000,7,0,Yes,Yes,1
1518,29,Private Sector/Self Employed,Yes,1100000,7,1,Yes,No,1
365,28,Government Sector,Yes,300000,5,0,No,No,0
800,29,Private Sector/Self Employed,Yes,1050000,5,0,No,No,0
897,34,Private Sector/Self Employed,Yes,850000,4,0,No,No,1
1665,28,Private Sector/Self Employed,Yes,700000,4,1,No,No,0
209,31,Government Sector,Yes,1200000,4,0,No,No,0
694,28,Private Sector/Self Employed,Yes,700000,2,1,No,No,0
719,28,Private Sector/Self Employed,Yes,1100000,5,1,No,No,0
572,33,Government Sector,Yes,800000,3,0,Yes,No,0
979,27,Government Sector,Yes,850000,3,0,No,No,0
1653,31,Private Sector/Self Employed,Yes,1350000,3,0,No,Yes,1
1931,34,Private Sector/Self Employed,Yes,700000,8,0,No,No,1
785,29,Private Sector/Self Employed,Yes,1050000,4,0,No,No,1
967,26,Government Sector,Yes,500000,3,0,No,No,0
1862,34,Private Sector/Self Employed,Yes,1000000,5,1,No,No,0
216,34,Private Sector/Self Employed,Yes,500000,6,0,No,No,1
94,28,Government Sector,No,300000,6,1,No,No,0
1664,34,Private Sector/Self Employed,Yes,700000,5,0,No,No,1
1740,29,Private Sector/Self Employed,Yes,1200000,3,0,No,No,1
1649,30,Private Sector/Self Employed,No,550000,8,0,No,No,0
2,33,Government Sector,Yes,1100000,2,1,No,Yes,0
1651,30,Private Sector/Self Employed,No,800000,3,0,No,No,0
436,35,Private Sector/Self Employed,No,800000,3,0,No,No,1
54,28,Private Sector/Self Employed,Yes,700000,3,1,No,Yes,0
945,28,Private Sector/Self Employed,Yes,550000,4,0,No,No,0
837,32,Government Sector,Yes,350000,3,0,No,No,1
586,33,Government Sector,Yes,400000,4,0,No,No,0
1458,30,Private Sector/Self Employed,No,800000,4,0,No,No,0
464,26,Private Sector/Self Employed,Yes,500000,6,0,No,No,0
1106,28,Government Sector,Yes,300000,5,1,No,No,0
705,31,Private Sector/Self Employed,Yes,1250000,5,0,No,No,1
251,28,Private Sector/Self Employed,Yes,700000,5,0,No,No,0
156,28,Private Sector/Self Employed,Yes,1150000,7,0,No,No,0
76,26,Government Sector,Yes,1450000,3,0,Yes,Yes,1
514,35,Private Sector/Self Employed,No,800000,4,0,No,No,0
1833,34,Private Sector/Self Employed,Yes,700000,4,0,No,No,0
1470,28,Private Sector/Self Employed,Yes,700000,5,0,No,No,0
396,28,Private Sector/Self Employed,Yes,1450000,5,0,Yes,Yes,1
109,29,Private Sector/Self Employed,Yes,500000,2,0,No,No,0
280,26,Private Sector/Self Employed,Yes,600000,6,0,No,No,0
1932,29,Private Sector/Self Employed,Yes,600000,4,1,Yes,No,0
1008,32,Government Sector,Yes,800000,7,0,No,No,0
822,34,Private Sector/Self Employed,Yes,1000000,4,0,No,No,1
303,35,Private Sector/Self Employed,No,800000,6,0,No,No,1
537,31,Private Sector/Self Employed,Yes,1250000,6,0,No,No,0
716,28,Private Sector/Self Employed,Yes,800000,5,0,No,No,0
1491,33,Private Sector/Self Employed,Yes,1400000,5,1,Yes,Yes,1
1056,28,Private Sector/Self Employed,Yes,750000,3,0,No,No,0
904,31,Government Sector,Yes,1300000,6,0,No,No,1
1405,25,Private Sector/Self Employed,Yes,500000,6,0,No,No,0
1589,33,Government Sector,Yes,400000,5,1,No,No,0
446,28,Private Sector/Self Employed,Yes,800000,4,1,No,No,0
111,30,Private Sector/Self Employed,No,550000,3,1,No,No,0
271,27,Private Sector/Self Employed,No,1550000,4,0,Yes,No,1
326,30,Private Sector/Self Employed,No,650000,4,0,No,No,0
850,33,Private Sector/Self Employed,Yes,1500000,3,1,Yes,Yes,1
1606,33,Private Sector/Self Employed,Yes,550000,5,0,No,No,1
1692,26,Private Sector/Self Employed,Yes,1400000,4,1,No,Yes,1
476,33,Government Sector,Yes,700000,3,0,No,No,0
239,34,Private Sector/Self Employed,Yes,1300000,4,0,No,No,0
1642,29,Private Sector/Self Employed,Yes,1050000,6,0,No,No,0
1646,26,Private Sector/Self Employed,Yes,500000,7,0,No,No,0
1372,29,Private Sector/Self Employed,Yes,1100000,5,0,Yes,No,0
766,28,Private Sector/Self Employed,Yes,1100000,9,0,No,No,0
1333,33,Government Sector,Yes,1000000,4,0,Yes,Yes,0
1006,29,Private Sector/Self Employed,Yes,1100000,6,0,No,No,0
1108,31,Private Sector/Self Employed,Yes,1350000,8,0,No,Yes,1
231,28,Private Sector/Self Employed,Yes,750000,4,0,No,No,0
1615,25,Private Sector/Self Employed,No,1150000,8,0,Yes,No,0
1463,28,Private Sector/Self Employed,Yes,650000,2,1,No,No,1
818,27,Private Sector/Self Employed,No,800000,5,0,No,No,0
1939,32,Government Sector,Yes,800000,5,0,No,No,0
192,35,Private Sector/Self Employed,No,800000,5,0,No,No,0
1956,28,Private Sector/Self Employed,Yes,1100000,6,0,No,No,0
1625,29,Private Sector/Self Employed,Yes,900000,4,0,Yes,No,0
1153,34,Private Sector/Self Employed,Yes,1050000,7,1,No,No,1
1119,31,Private Sector/Self Employed,Yes,1250000,4,0,No,Yes,0
1248,28,Private Sector/Self Employed,Yes,1100000,7,0,Yes,No,0
1469,31,Government Sector,Yes,1300000,4,0,No,No,0
1472,35,Private Sector/Self Employed,No,800000,6,0,Yes,No,1
185,33,Private Sector/Self Employed,Yes,1400000,3,0,No,Yes,1
665,32,Government Sector,Yes,900000,4,1,No,No,1
659,29,Private Sector/Self Employed,Yes,1050000,7,0,No,No,0
1506,28,Government Sector,Yes,300000,5,0,No,No,0
334,32,Government Sector,Yes,800000,6,0,Yes,No,0
1978,31,Private Sector/Self Employed,Yes,950000,5,0,Yes,Yes,0
1021,28,Government Sector,Yes,300000,3,0,No,No,0
102,28,Private Sector/Self Employed,Yes,1100000,6,0,No,No,0
1384,28,Private Sector/Self Employed,Yes,550000,5,0,Yes,No,0
906,28,Private Sector/Self Employed,Yes,1300000,3,0,No,No,0
753,28,Private Sector/Self Employed,Yes,1200000,5,0,Yes,No,1
316,30,Private Sector/Self Employed,No,650000,6,0,Yes,No,1
811,34,Private Sector/Self Employed,Yes,850000,3,1,No,No,0
1415,26,Private Sector/Self Employed,Yes,500000,9,0,No,No,0
1974,31,Private Sector/Self Employed,Yes,900000,8,0,No,Yes,0
212,27,Government Sector,Yes,750000,6,0,No,No,0
909,33,Government Sector,Yes,1000000,5,0,No,Yes,1
301,34,Private Sector/Self Employed,Yes,1050000,4,1,No,No,0
372,25,Private Sector/Self Employed,No,1150000,5,0,No,No,1
1775,25,Private Sector/Self Employed,No,1150000,4,0,No,No,0
962,27,Private Sector/Self Employed,No,350000,3,0,No,No,0
763,33,Government Sector,Yes,700000,6,1,No,No,1
1768,31,Private Sector/Self Employed,Yes,1400000,6,1,No,Yes,0
1669,32,Government Sector,Yes,850000,3,0,Yes,No,1
1773,29,Private Sector/Self Employed,Yes,900000,5,0,No,No,0
1855,31,Government Sector,No,300000,3,0,No,No,0
1922,34,Private Sector/Self Employed,Yes,1500000,2,0,Yes,Yes,1
131,31,Private Sector/Self Employed,Yes,1250000,7,1,No,No,0
1510,31,Private Sector/Self Employed,Yes,1400000,3,0,Yes,Yes,1
1377,25,Government Sector,Yes,750000,4,0,No,No,1
98,25,Private Sector/Self Employed,Yes,1400000,4,0,No,Yes,1
165,25,Private Sector/Self Employed,No,1150000,2,0,No,Yes,0
1721,32,Government Sector,Yes,800000,5,1,Yes,No,1
505,29,Private Sector/Self Employed,Yes,1100000,5,0,Yes,No,0
738,34,Private Sector/Self Employed,Yes,1050000,4,0,No,No,1
1503,26,Government Sector,Yes,550000,4,0,No,No,0
718,26,Private Sector/Self Employed,Yes,1300000,4,1,No,No,0
1597,29,Private Sector/Self Employed,Yes,1050000,5,1,No,Yes,0
912,28,Private Sector/Self Employed,Yes,800000,4,1,No,No,0
1337,27,Government Sector,Yes,750000,7,1,No,Yes,0
1635,35,Private Sector/Self Employed,No,800000,4,0,No,No,0
1412,28,Private Sector/Self Employed,Yes,750000,4,0,Yes,No,0
1402,28,Private Sector/Self Employed,Yes,750000,2,0,No,No,0
1685,25,Private Sector/Self Employed,Yes,1400000,7,0,No,Yes,1
896,27,Government Sector,Yes,850000,7,0,Yes,No,0
1362,32,Government Sector,Yes,800000,4,0,No,No,0
1353,33,Government Sector,Yes,400000,3,0,No,No,0
1641,34,Private Sector/Self Employed,Yes,1000000,3,0,No,No,0
1340,28,Private Sector/Self Employed,Yes,550000,5,0,No,No,0
1417,25,Private Sector/Self Employed,Yes,500000,4,1,No,No,1
1198,27,Private Sector/Self Employed,No,350000,7,0,No,No,0
1272,27,Government Sector,Yes,500000,5,0,No,No,0
571,26,Private Sector/Self Employed,Yes,1400000,9,0,No,Yes,1
1085,27,Government Sector,Yes,500000,3,1,No,No,0
699,31,Government Sector,Yes,400000,3,0,No,No,0
149,26,Private Sector/Self Employed,Yes,1750000,4,0,No,No,0
353,26,Private Sector/Self Employed,Yes,500000,2,1,No,No,0
1367,35,Government Sector,Yes,1100000,3,1,No,No,1
1366,27,Government Sector,Yes,1050000,5,0,No,No,0
1980,28,Private Sector/Self Employed,Yes,800000,6,0,No,Yes,1
1747,33,Private Sector/Self Employed,Yes,1500000,5,1,Yes,Yes,1
1587,29,Private Sector/Self Employed,Yes,1100000,6,0,Yes,No,0
1022,28,Private Sector/Self Employed,Yes,800000,7,0,No,No,0
1582,33,Government Sector,Yes,700000,4,0,No,No,0
378,34,Private Sector/Self Employed,Yes,1300000,4,0,No,No,0
782,25,Private Sector/Self Employed,No,1150000,3,0,No,No,0
1075,28,Government Sector,Yes,300000,5,0,No,No,0
1755,28,Private Sector/Self Employed,Yes,750000,5,1,Yes,No,0
1622,34,Private Sector/Self Employed,Yes,1500000,5,1,Yes,Yes,0
1394,30,Private Sector/Self Employed,No,550000,3,0,No,No,1
1269,29,Private Sector/Self Employed,Yes,500000,5,0,No,No,0
1677,33,Government Sector,Yes,400000,6,0,No,No,1
423,31,Private Sector/Self Employed,Yes,1350000,6,1,No,Yes,1
649,27,Government Sector,Yes,1050000,6,1,No,No,0
191,28,Private Sector/Self Employed,Yes,1250000,5,0,No,Yes,1
1551,26,Private Sector/Self Employed,Yes,1500000,2,1,Yes,Yes,1
862,29,Private Sector/Self Employed,Yes,900000,6,1,No,No,0
1656,25,Private Sector/Self Employed,No,1150000,3,0,Yes,No,0
1328,27,Government Sector,Yes,500000,4,0,No,No,0
1212,25,Government Sector,Yes,750000,6,0,No,No,1
154,28,Government Sector,Yes,600000,4,1,No,No,0
888,28,Private Sector/Self Employed,Yes,800000,5,1,No,No,0
1920,28,Government Sector,Yes,300000,6,0,No,No,0
1941,34,Private Sector/Self Employed,Yes,1000000,4,0,Yes,No,0
1158,33,Government Sector,Yes,400000,7,1,No,No,1
651,34,Private Sector/Self Employed,Yes,1000000,4,0,No,No,1
1054,27,Private Sector/Self Employed,No,800000,5,0,No,No,0
1924,30,Private Sector/Self Employed,No,800000,4,0,No,No,1
737,32,Government Sector,Yes,350000,6,0,No,No,0
1325,32,Government Sector,Yes,800000,5,0,Yes,No,0
1894,28,Private Sector/Self Employed,Yes,1200000,6,1,No,No,0
508,27,Government Sector,Yes,1050000,3,0,No,No,0
1065,25,Private Sector/Self Employed,Yes,1400000,9,1,No,Yes,1
1602,26,Private Sector/Self Employed,Yes,600000,4,0,Yes,No,0
1673,32,Government Sector,Yes,800000,6,1,No,No,0
1576,28,Government Sector,Yes,1100000,4,0,No,No,0
1975,31,Government Sector,No,400000,4,0,No,No,0
1020,34,Private Sector/Self Employed,Yes,1000000,6,0,No,No,1
549,31,Government Sector,Yes,400000,3,0,No,No,0
1131,31,Private Sector/Self Employed,Yes,1100000,4,1,No,No,0
63,29,Private Sector/Self Employed,Yes,1200000,7,1,No,No,0
926,34,Private Sector/Self Employed,Yes,1000000,6,1,No,No,1
1623,25,Private Sector/Self Employed,Yes,1400000,3,1,Yes,Yes,1
34,31,Government Sector,Yes,1500000,7,0,Yes,Yes,0
562,34,Private Sector/Self Employed,Yes,500000,4,0,No,No,0
841,25,Private Sector/Self Employed,No,1700000,4,0,Yes,No,1
805,31,Private Sector/Self Employed,Yes,900000,5,0,Yes,No,0
929,33,Private Sector/Self Employed,Yes,550000,3,1,No,No,1
1279,30,Private Sector/Self Employed,No,750000,3,1,No,No,1
939,34,Private Sector/Self Employed,Yes,1000000,6,0,No,No,1
1018,32,Government Sector,Yes,350000,6,0,No,No,0
1044,33,Government Sector,Yes,1100000,2,0,Yes,No,0
345,25,Private Sector/Self Employed,Yes,1800000,4,1,Yes,No,1
1350,25,Private Sector/Self Employed,Yes,1400000,3,1,No,Yes,1
1842,28,Private Sector/Self Employed,Yes,1150000,6,1,No,No,0
1255,34,Private Sector/Self Employed,Yes,1300000,6,1,No,No,1
1537,27,Government Sector,Yes,850000,2,0,No,No,0
1675,28,Government Sector,Yes,1200000,5,0,No,No,0
1099,33,Government Sector,Yes,1100000,4,0,No,No,1
262,35,Private Sector/Self Employed,No,800000,5,0,No,No,0
724,31,Private Sector/Self Employed,Yes,500000,6,0,No,No,0
980,34,Private Sector/Self Employed,Yes,1500000,5,0,Yes,Yes,1
1926,27,Government Sector,Yes,500000,2,1,No,No,1
1533,25,Private Sector/Self Employed,No,1700000,3,0,Yes,No,1
1897,28,Private Sector/Self Employed,Yes,550000,3,0,No,No,1
160,28,Private Sector/Self Employed,Yes,800000,2,0,No,No,0
871,28,Government Sector,Yes,300000,6,0,No,No,0
625,25,Private Sector/Self Employed,Yes,1700000,5,0,Yes,No,1
873,25,Private Sector/Self Employed,Yes,1400000,2,1,No,Yes,1
1330,26,Private Sector/Self Employed,Yes,500000,5,1,No,No,1
1156,34,Private Sector/Self Employed,Yes,1500000,5,0,Yes,Yes,1
1356,25,Government Sector,Yes,750000,5,0,No,No,0
545,27,Government Sector,Yes,1050000,7,1,No,No,0
118,34,Private Sector/Self Employed,Yes,700000,2,0,No,No,0
757,33,Private Sector/Self Employed,Yes,1400000,4,0,No,Yes,1
1722,35,Private Sector/Self Employed,No,800000,6,0,No,No,1
723,25,Private Sector/Self Employed,No,1700000,6,0,Yes,No,1
736,28,Private Sector/Self Employed,Yes,1150000,6,1,No,No,0
1847,28,Private Sector/Self Employed,Yes,1150000,6,1,No,No,0
946,31,Private Sector/Self Employed,Yes,1250000,3,0,No,No,1
1052,28,Private Sector/Self Employed,Yes,700000,6,1,No,No,0
629,28,Private Sector/Self Employed,Yes,1200000,5,0,No,No,0
1216,32,Government Sector,Yes,850000,3,0,No,No,1
1038,25,Private Sector/Self Employed,Yes,1400000,7,0,No,Yes,1
513,35,Private Sector/Self Employed,No,800000,7,1,No,No,1
1457,34,Private Sector/Self Employed,Yes,1500000,9,0,Yes,Yes,1
124,27,Private Sector/Self Employed,No,350000,4,1,No,No,0
1080,33,Private Sector/Self Employed,Yes,1400000,5,0,No,Yes,1
1422,31,Government Sector,Yes,400000,5,0,No,No,0
1736,25,Private Sector/Self Employed,Yes,1700000,3,0,Yes,No,1
33,33,Private Sector/Self Employed,Yes,1400000,8,1,No,Yes,1
278,28,Private Sector/Self Employed,Yes,1150000,8,0,Yes,No,0
1886,26,Private Sector/Self Employed,Yes,1500000,6,0,Yes,Yes,1
959,31,Private Sector/Self Employed,Yes,1250000,6,1,No,No,0
244,33,Private Sector/Self Employed,Yes,1400000,8,1,No,Yes,1
1808,29,Private Sector/Self Employed,Yes,500000,8,0,No,No,0
831,25,Private Sector/Self Employed,Yes,1400000,4,0,No,Yes,1
561,27,Government Sector,Yes,500000,2,0,No,No,1
921,28,Private Sector/Self Employed,Yes,800000,6,0,No,Yes,0
1910,34,Private Sector/Self Employed,Yes,1000000,9,1,No,No,0
1583,27,Government Sector,Yes,850000,6,0,No,No,0
1867,29,Private Sector/Self Employed,Yes,1050000,6,1,Yes,No,0
1734,25,Private Sector/Self Employed,Yes,1700000,5,0,Yes,No,1
1378,31,Private Sector/Self Employed,Yes,950000,3,0,Yes,No,0
655,28,Private Sector/Self Employed,Yes,550000,7,0,No,No,0
891,29,Private Sector/Self Employed,Yes,900000,7,0,No,No,0
198,25,Private Sector/Self Employed,No,1700000,5,0,Yes,No,1
501,34,Government Sector,Yes,1300000,9,1,No,No,1
1534,28,Private Sector/Self Employed,Yes,1250000,4,0,Yes,No,0
911,28,Government Sector,Yes,600000,4,1,No,No,0
817,31,Private Sector/Self Employed,Yes,1400000,3,0,Yes,Yes,1
1654,34,Private Sector/Self Employed,Yes,1500000,3,0,Yes,Yes,1
573,32,Government Sector,Yes,900000,2,0,Yes,No,0
591,28,Private Sector/Self Employed,Yes,1150000,6,1,No,No,0
1437,29,Private Sector/Self Employed,Yes,1200000,7,1,No,No,1
1717,34,Private Sector/Self Employed,No,1300000,4,0,No,No,0
533,25,Private Sector/Self Employed,Yes,1700000,2,1,Yes,No,1
1445,28,Private Sector/Self Employed,Yes,1450000,6,1,Yes,Yes,1
1588,28,Private Sector/Self Employed,Yes,1250000,7,0,No,No,0
1777,26,Government Sector,Yes,550000,4,0,No,No,1
1719,35,Private Sector/Self Employed,No,800000,7,1,No,No,1
1338,25,Private Sector/Self Employed,Yes,1700000,3,0,Yes,No,1
101,26,Private Sector/Self Employed,Yes,500000,6,0,No,No,0
1441,33,Private Sector/Self Employed,Yes,1400000,3,0,No,Yes,1
1177,28,Government Sector,Yes,600000,5,0,No,Yes,0
1882,28,Private Sector/Self Employed,Yes,550000,4,1,No,No,0
892,35,Private Sector/Self Employed,No,800000,4,0,No,No,1
1086,26,Private Sector/Self Employed,Yes,600000,6,0,Yes,No,0
1160,34,Private Sector/Self Employed,Yes,1500000,6,0,Yes,Yes,1
1765,26,Private Sector/Self Employed,Yes,500000,3,0,No,No,0
1548,31,Government Sector,Yes,1200000,2,1,No,No,0
447,28,Private Sector/Self Employed,Yes,700000,7,1,Yes,Yes,1
499,27,Government Sector,Yes,500000,4,0,No,No,0
1041,31,Private Sector/Self Employed,Yes,950000,5,1,No,No,0
336,28,Government Sector,Yes,300000,3,1,No,No,0
151,31,Private Sector/Self Employed,Yes,1250000,4,0,No,No,1
1375,26,Private Sector/Self Employed,Yes,1400000,5,0,Yes,Yes,1
493,32,Government Sector,Yes,900000,4,0,Yes,No,0
1620,28,Private Sector/Self Employed,Yes,1200000,6,1,No,No,0
1829,34,Government Sector,Yes,1300000,3,0,No,No,0
342,28,Private Sector/Self Employed,Yes,1100000,4,0,No,No,0
907,27,Government Sector,Yes,500000,2,0,No,No,0
1023,33,Government Sector,Yes,400000,3,1,No,No,1
552,27,Private Sector/Self Employed,No,800000,7,1,No,No,0
1456,27,Government Sector,Yes,1050000,4,0,No,No,1
227,25,Private Sector/Self Employed,No,1150000,4,0,No,No,0
1183,33,Government Sector,Yes,700000,2,0,No,No,0
405,28,Private Sector/Self Employed,Yes,1150000,9,0,No,No,0
1555,25,Private Sector/Self Employed,No,1150000,3,1,No,Yes,0
169,33,Government Sector,Yes,700000,3,0,No,No,0
1214,26,Private Sector/Self Employed,Yes,1500000,3,0,Yes,Yes,1
1063,34,Private Sector/Self Employed,Yes,1000000,6,1,No,No,1
984,29,Private Sector/Self Employed,Yes,500000,2,0,No,No,0
1235,27,Government Sector,Yes,500000,4,0,No,No,0
1711,33,Government Sector,Yes,800000,6,0,No,No,1
1838,25,Private Sector/Self Employed,Yes,1400000,5,0,Yes,Yes,1
1091,28,Private Sector/Self Employed,Yes,600000,3,0,No,No,0
548,25,Private Sector/Self Employed,Yes,1400000,5,0,No,Yes,1
199,31,Government Sector,Yes,1300000,4,0,No,No,0
1938,32,Government Sector,Yes,800000,3,0,Yes,No,1
623,26,Government Sector,Yes,500000,5,1,No,No,0
1927,35,Private Sector/Self Employed,No,800000,4,1,No,No,0
555,27,Government Sector,Yes,500000,5,0,No,No,0
1427,34,Private Sector/Self Employed,Yes,700000,4,1,No,No,0
1240,31,Private Sector/Self Employed,Yes,1400000,4,1,No,Yes,0
1977,33,Government Sector,Yes,400000,9,1,No,No,1
784,27,Private Sector/Self Employed,No,800000,6,0,No,No,1
1342,34,Private Sector/Self Employed,Yes,700000,3,1,No,No,0
780,32,Government Sector,Yes,350000,4,1,No,No,0
1015,33,Private Sector/Self Employed,Yes,750000,5,0,No,No,0
451,27,Private Sector/Self Employed,No,450000,8,0,No,No,0
1343,35,Government Sector,Yes,1100000,5,0,No,No,0
938,28,Private Sector/Self Employed,Yes,700000,8,1,Yes,No,0
1887,29,Private Sector/Self Employed,Yes,1200000,7,0,No,No,1
667,25,Private Sector/Self Employed,Yes,1400000,5,1,Yes,Yes,1
114,32,Government Sector,Yes,350000,5,0,No,No,0
734,31,Government Sector,Yes,400000,6,0,No,No,0
1873,27,Government Sector,Yes,500000,3,1,No,No,0
1966,29,Private Sector/Self Employed,Yes,1200000,5,0,No,No,0
1571,28,Private Sector/Self Employed,No,550000,6,1,No,No,0
458,28,Private Sector/Self Employed,Yes,1450000,3,0,Yes,Yes,1
550,35,Government Sector,Yes,900000,7,1,Yes,No,1
611,28,Private Sector/Self Employed,Yes,750000,4,0,Yes,Yes,0
1293,32,Government Sector,Yes,800000,3,1,Yes,No,0
812,26,Private Sector/Self Employed,Yes,1400000,3,0,No,Yes,1
259,27,Government Sector,Yes,500000,4,0,No,No,0
688,28,Private Sector/Self Employed,No,550000,5,0,Yes,No,1
658,29,Private Sector/Self Employed,Yes,1200000,5,1,No,No,1
1500,28,Private Sector/Self Employed,Yes,500000,5,1,No,No,1
366,26,Private Sector/Self Employed,Yes,1400000,6,1,No,Yes,1
1234,28,Government Sector,Yes,300000,4,0,No,No,0
776,28,Private Sector/Self Employed,Yes,800000,4,0,Yes,No,0
130,31,Government Sector,Yes,1500000,4,1,Yes,Yes,1
1381,25,Private Sector/Self Employed,Yes,1700000,4,1,Yes,No,1
1047,34,Private Sector/Self Employed,Yes,1500000,3,0,Yes,Yes,1
751,34,Private Sector/Self Employed,Yes,700000,4,1,Yes,No,0
1087,34,Private Sector/Self Employed,Yes,500000,4,0,No,No,0
682,31,Private Sector/Self Employed,Yes,1350000,7,0,Yes,Yes,1
1700,28,Government Sector,Yes,300000,4,0,No,No,0
925,31,Private Sector/Self Employed,Yes,1400000,7,0,No,Yes,1
503,28,Private Sector/Self Employed,Yes,900000,4,0,No,No,1
1613,29,Private Sector/Self Employed,Yes,1050000,3,0,Yes,No,0
148,31,Private Sector/Self Employed,Yes,1400000,4,0,Yes,Yes,1
1127,28,Private Sector/Self Employed,Yes,550000,4,0,No,No,0
307,28,Private Sector/Self Employed,Yes,1150000,5,0,No,No,0
899,33,Private Sector/Self Employed,Yes,1400000,8,0,No,Yes,0
802,34,Private Sector/Self Employed,Yes,500000,5,0,No,No,0
693,33,Government Sector,Yes,650000,9,1,No,No,0
1345,34,Private Sector/Self Employed,No,1300000,5,0,Yes,No,1
290,25,Private Sector/Self Employed,No,600000,4,1,Yes,No,0
1433,34,Private Sector/Self Employed,No,950000,4,0,Yes,No,1
411,34,Private Sector/Self Employed,No,1400000,3,0,Yes,Yes,1
1217,35,Private Sector/Self Employed,No,800000,4,0,No,Yes,0
445,25,Private Sector/Self Employed,No,1150000,5,0,Yes,No,0
96,28,Private Sector/Self Employed,Yes,1150000,7,0,No,No,0
990,29,Private Sector/Self Employed,Yes,500000,4,0,No,No,0
408,27,Government Sector,Yes,1050000,7,0,No,No,0
1609,28,Government Sector,Yes,300000,4,0,No,No,0
299,27,Private Sector/Self Employed,No,600000,3,0,No,Yes,0
856,34,Private Sector/Self Employed,Yes,500000,5,0,No,No,0
1440,28,Private Sector/Self Employed,Yes,900000,4,1,No,No,1
570,26,Government Sector,Yes,500000,6,1,No,No,0
1267,29,Private Sector/Self Employed,Yes,1100000,8,0,No,No,0
1249,34,Private Sector/Self Employed,Yes,500000,5,0,No,No,0
1339,31,Government Sector,Yes,400000,5,0,No,No,0
388,28,Private Sector/Self Employed,Yes,800000,4,1,Yes,No,0
181,26,Private Sector/Self Employed,Yes,1500000,6,0,Yes,Yes,1
1215,28,Private Sector/Self Employed,Yes,1100000,3,0,No,No,0
1383,28,Private Sector/Self Employed,Yes,1200000,5,1,Yes,No,0
1835,34,Private Sector/Self Employed,Yes,1500000,4,0,Yes,Yes,1
1365,25,Government Sector,Yes,750000,2,0,No,Yes,1
205,28,Private Sector/Self Employed,Yes,1300000,2,1,No,No,0
294,26,Private Sector/Self Employed,Yes,1400000,4,1,No,Yes,1
1498,34,Private Sector/Self Employed,Yes,1300000,6,0,Yes,No,0
171,25,Private Sector/Self Employed,No,1700000,3,1,Yes,No,0
217,30,Private Sector/Self Employed,No,750000,3,1,No,No,1
525,33,Private Sector/Self Employed,Yes,1500000,3,0,Yes,Yes,1
1190,34,Private Sector/Self Employed,Yes,700000,4,0,No,No,0
1967,32,Government Sector,Yes,1750000,6,0,No,No,0
1803,33,Government Sector,Yes,1100000,4,1,No,Yes,0
1674,35,Government Sector,Yes,1100000,4,1,No,No,0
993,27,Government Sector,Yes,850000,3,0,No,Yes,0
1905,26,Private Sector/Self Employed,Yes,500000,4,0,No,No,0
803,33,Government Sector,Yes,1100000,4,0,No,No,0
263,29,Private Sector/Self Employed,Yes,1150000,5,1,Yes,No,0
859,32,Government Sector,Yes,850000,7,0,No,No,0
190,28,Private Sector/Self Employed,Yes,650000,4,0,Yes,No,0
1810,34,Private Sector/Self Employed,Yes,1050000,3,0,No,No,0
1507,31,Government Sector,No,400000,7,1,No,No,0
22,28,Private Sector/Self Employed,No,550000,7,0,No,No,0
1477,31,Private Sector/Self Employed,Yes,1250000,7,0,No,No,0
1566,28,Private Sector/Self Employed,Yes,1250000,3,0,No,No,0
484,26,Private Sector/Self Employed,Yes,1300000,5,0,No,No,0
791,31,Private Sector/Self Employed,Yes,500000,6,0,No,No,1
1704,28,Private Sector/Self Employed,No,550000,4,0,No,No,0
18,34,Private Sector/Self Employed,Yes,700000,5,0,Yes,No,1
1971,28,Private Sector/Self Employed,Yes,500000,4,0,No,No,0
1981,26,Government Sector,Yes,1450000,3,0,Yes,Yes,1
1731,30,Private Sector/Self Employed,No,1450000,9,0,Yes,Yes,1
1123,34,Private Sector/Self Employed,Yes,700000,4,0,No,No,1
29,28,Government Sector,Yes,1200000,3,0,No,No,0
39,28,Private Sector/Self Employed,Yes,500000,3,0,No,No,0
240,28,Private Sector/Self Employed,Yes,600000,5,0,Yes,No,0
836,27,Government Sector,Yes,850000,5,0,No,No,0
747,35,Private Sector/Self Employed,No,800000,5,0,No,No,0
1173,34,Private Sector/Self Employed,Yes,1500000,4,0,Yes,Yes,1
1575,28,Government Sector,No,300000,4,1,No,No,0
854,33,Private Sector/Self Employed,Yes,550000,5,1,No,No,0
702,29,Private Sector/Self Employed,Yes,1200000,4,0,No,No,0
1900,28,Private Sector/Self Employed,Yes,1150000,6,0,No,No,1
100,29,Private Sector/Self Employed,Yes,350000,4,0,No,No,0
975,34,Private Sector/Self Employed,No,1400000,4,0,No,Yes,1
779,28,Government Sector,Yes,300000,5,0,No,No,0
317,32,Government Sector,Yes,800000,7,1,No,No,0
1370,25,Private Sector/Self Employed,No,1700000,4,0,Yes,No,1
1638,34,Private Sector/Self Employed,Yes,1300000,6,0,No,No,1
715,31,Private Sector/Self Employed,Yes,900000,5,1,Yes,No,0
1322,33,Private Sector/Self Employed,Yes,1500000,4,0,Yes,Yes,1
1093,29,Private Sector/Self Employed,Yes,1350000,4,0,No,Yes,1
1723,33,Private Sector/Self Employed,Yes,1200000,7,0,No,No,1
304,29,Private Sector/Self Employed,Yes,600000,4,1,No,No,0
1697,25,Private Sector/Self Employed,No,1700000,3,1,Yes,No,0
1634,29,Private Sector/Self Employed,Yes,1100000,5,1,No,No,0
162,33,Private Sector/Self Employed,Yes,1500000,5,0,Yes,Yes,1
1783,30,Private Sector/Self Employed,No,550000,2,1,No,No,0
1308,28,Private Sector/Self Employed,Yes,1150000,9,0,No,No,0
1724,28,Government Sector,Yes,300000,4,0,No,No,1
663,28,Private Sector/Self Employed,Yes,800000,5,1,No,No,0
882,25,Private Sector/Self Employed,Yes,500000,5,1,No,No,0
421,29,Private Sector/Self Employed,Yes,600000,3,0,No,No,0
1495,28,Private Sector/Self Employed,Yes,1450000,6,0,Yes,Yes,1
1782,26,Private Sector/Self Employed,Yes,1500000,4,0,Yes,Yes,1
1115,27,Government Sector,Yes,1050000,5,1,No,No,1
125,31,Government Sector,Yes,1200000,6,0,No,No,0
1626,28,Private Sector/Self Employed,Yes,1100000,3,0,No,No,1
998,26,Private Sector/Self Employed,Yes,1400000,5,0,No,Yes,1
806,33,Private Sector/Self Employed,Yes,550000,8,0,No,No,0
1076,27,Government Sector,Yes,500000,4,1,No,No,1
674,34,Private Sector/Self Employed,Yes,1300000,7,0,No,No,1
1648,30,Private Sector/Self Employed,No,650000,3,0,No,No,0
1633,29,Private Sector/Self Employed,Yes,1200000,3,0,No,No,1
1218,34,Private Sector/Self Employed,Yes,700000,2,1,Yes,No,0
377,27,Government Sector,Yes,1050000,2,0,No,No,0
237,26,Private Sector/Self Employed,Yes,500000,3,0,No,No,0
1391,27,Private Sector/Self Employed,No,450000,3,0,No,No,1
1311,26,Government Sector,Yes,500000,6,0,No,No,0
1489,29,Private Sector/Self Employed,Yes,1100000,7,0,No,No,0
624,34,Private Sector/Self Employed,Yes,850000,4,0,No,Yes,0
395,28,Private Sector/Self Employed,Yes,600000,5,0,No,Yes,1
605,28,Private Sector/Self Employed,Yes,1150000,4,0,No,No,0
1541,28,Private Sector/Self Employed,Yes,1250000,5,0,No,No,0
8,28,Private Sector/Self Employed,Yes,700000,4,0,No,No,1
220,28,Private Sector/Self Employed,Yes,1150000,3,1,No,No,0
1764,34,Private Sector/Self Employed,Yes,1000000,3,0,No,No,0
58,31,Private Sector/Self Employed,Yes,500000,4,1,No,No,0
1703,31,Private Sector/Self Employed,Yes,1250000,3,0,No,No,0
1628,25,Private Sector/Self Employed,Yes,1400000,5,0,Yes,Yes,0
146,35,Government Sector,Yes,900000,6,1,No,No,0
207,25,Private Sector/Self Employed,No,1150000,6,0,No,No,1
1930,25,Private Sector/Self Employed,Yes,1700000,2,1,Yes,No,1
140,27,Private Sector/Self Employed,No,350000,3,0,No,No,0
359,27,Government Sector,Yes,1050000,3,0,Yes,No,1
281,34,Private Sector/Self Employed,No,950000,3,0,No,No,0
1799,28,Private Sector/Self Employed,Yes,900000,2,0,Yes,No,0
618,28,Government Sector,Yes,600000,4,0,No,No,0
434,34,Private Sector/Self Employed,Yes,1050000,6,0,No,No,1
5,33,Government Sector,Yes,600000,8,0,No,No,1
1474,28,Private Sector/Self Employed,Yes,650000,3,0,No,No,0
700,31,Private Sector/Self Employed,Yes,1250000,4,0,No,No,0
147,30,Private Sector/Self Employed,No,800000,5,0,No,No,1
1499,32,Government Sector,Yes,350000,5,1,No,No,0
1785,29,Private Sector/Self Employed,Yes,600000,5,0,No,No,0
302,33,Private Sector/Self Employed,Yes,1400000,5,0,Yes,Yes,0
799,26,Private Sector/Self Employed,Yes,1400000,4,0,No,Yes,1
828,34,Private Sector/Self Employed,Yes,1300000,5,0,No,No,0
1191,33,Government Sector,Yes,400000,7,1,No,No,1
1082,29,Private Sector/Self Employed,Yes,1050000,5,0,No,No,0
1307,25,Private Sector/Self Employed,Yes,1400000,3,0,No,Yes,1
824,29,Private Sector/Self Employed,Yes,1050000,2,1,Yes,No,0
1509,25,Private Sector/Self Employed,No,1150000,5,1,No,No,1
1706,33,Government Sector,Yes,800000,6,1,No,No,1
1,25,Private Sector/Self Employed,Yes,1400000,7,0,Yes,Yes,1
965,27,Private Sector/Self Employed,No,1000000,3,0,No,No,0
226,29,Private Sector/Self Employed,Yes,500000,4,0,No,No,0
666,34,Government Sector,Yes,1300000,5,1,No,No,0
558,28,Private Sector/Self Employed,Yes,1200000,6,1,No,No,0
845,33,Government Sector,Yes,400000,4,0,No,No,0
769,28,Private Sector/Self Employed,Yes,1250000,4,0,No,No,0
1832,31,Private Sector/Self Employed,Yes,500000,2,0,No,No,0
1468,34,Private Sector/Self Employed,Yes,500000,5,0,No,No,0
1259,27,Private Sector/Self Employed,No,450000,7,0,No,No,0
970,35,Government Sector,Yes,1100000,3,0,No,No,1
1962,31,Government Sector,Yes,1500000,7,0,Yes,Yes,1
150,28,Private Sector/Self Employed,Yes,1200000,3,0,No,No,0
1822,25,Private Sector/Self Employed,No,1150000,5,1,No,No,0
1184,25,Government Sector,Yes,750000,3,0,No,Yes,1
1848,35,Government Sector,Yes,1100000,6,0,No,No,1
468,31,Private Sector/Self Employed,Yes,900000,3,1,No,No,0
1479,33,Government Sector,Yes,1100000,4,1,No,No,0
55,33,Private Sector/Self Employed,Yes,550000,4,1,No,No,0
1752,26,Private Sector/Self Employed,Yes,600000,5,0,No,No,1
143,26,Private Sector/Self Employed,Yes,1400000,5,0,No,Yes,1
1109,27,Government Sector,Yes,1050000,4,0,No,No,0
258,28,Private Sector/Self Employed,Yes,1250000,9,1,No,No,0
808,28,Private Sector/Self Employed,Yes,550000,4,0,No,No,0
889,35,Government Sector,Yes,900000,3,1,No,No,0
69,29,Private Sector/Self Employed,Yes,1350000,4,0,Yes,Yes,1
844,28,Private Sector/Self Employed,Yes,700000,5,0,Yes,No,0
327,30,Private Sector/Self Employed,No,550000,7,0,Yes,No,0
526,27,Government Sector,Yes,750000,8,0,No,No,0
1396,32,Government Sector,Yes,900000,4,0,Yes,No,0
1276,31,Government Sector,No,400000,5,1,No,No,0
953,31,Government Sector,Yes,1500000,2,0,Yes,Yes,1
880,28,Private Sector/Self Employed,Yes,500000,6,0,No,No,0
544,28,Private Sector/Self Employed,Yes,1150000,5,0,No,No,0
855,28,Private Sector/Self Employed,Yes,1100000,4,1,No,No,1
1599,31,Government Sector,Yes,1300000,5,1,No,No,0
1003,33,Government Sector,Yes,1000000,5,0,No,No,0
